Player,Age,Team,G,GS,MP,FG,FGA,FG%,3P,3PA,3P%,2P,2PA,2P%,eFG%,FT,FTA,FT%,TS%,EFF,ORB,DRB,TRB,AST,STL,BLK,TOV,PF,PTS,Awards,Season,SMOY_Candidate,Pos_C,Pos_PF,Pos_PG,Pos_SF,Pos_SG,SMOY_Eligible
Bobby Jones,31.0,PHI,74.0,0.0,23.6,3.4,6.2,54.83870967741935,0.0,0.0,0.0,3.4,6.2,54.83870967741935,54.83870967741935,2.2,2.8,78.57142857142858,60.54897739504843,17.43243243243243,1.4,3.3,4.6,1.9,1.1,1.2,1.5,2.7,9.0,"DPOY-3,6MOY-1",1982-83,1,0,1,0,0,0,1
Kevin McHale,26.0,BOS,82.0,10.0,31.4,7.2,12.9,55.81395348837209,0.0,0.0,0.0,7.1,12.8,55.46874999999999,55.81395348837209,4.1,5.4,75.92592592592592,60.22518984027232,24.512195121951216,2.5,4.9,7.4,1.3,0.3,1.5,1.8,3.0,18.4,"6MOY-1,AS",1983-84,1,0,1,0,0,0,1
John Drew,29.0,UTA,81.0,4.0,22.2,6.3,13.2,47.72727272727273,0.1,0.3,33.333333333333336,6.2,12.9,48.06201550387597,48.10606060606061,5.0,6.4,78.125,55.25724275724277,17.28395061728395,1.8,2.4,4.2,1.7,1.1,0.0,2.4,2.6,17.7,6MOY-2,1983-84,1,0,0,0,1,0,1
Kenny Carr,28.0,POR,82.0,57.0,29.9,6.3,11.3,55.75221238938053,0.0,0.1,0.0,6.3,11.2,56.25,55.75221238938053,3.0,4.5,66.66666666666666,58.73493975903615,21.34146341463414,2.5,5.3,7.8,1.9,0.8,0.4,2.5,3.3,15.6,6MOY-3,1983-84,1,0,1,0,0,0,0
Phil Hubbard,27.0,CLE,80.0,6.0,22.5,4.0,7.9,50.632911392405056,0.0,0.0,0.0,4.0,7.8,51.28205128205129,50.632911392405056,2.8,3.7,75.67567567567566,56.67506297229219,14.375000000000002,2.2,2.6,4.8,1.1,0.9,0.1,1.4,3.1,10.8,6MOY-3,1983-84,1,0,0,0,1,0,1
Bobby Jones,32.0,PHI,75.0,0.0,23.5,3.0,5.8,51.72413793103448,0.0,0.0,0.0,3.0,5.7,52.63157894736842,51.72413793103448,2.2,2.8,78.57142857142858,59.01592718998862,17.599999999999998,1.2,3.1,4.3,2.5,1.4,1.4,1.3,2.7,8.3,"DPOY-4,6MOY-3",1983-84,1,0,1,0,0,0,1
Kevin McHale,27.0,BOS,79.0,31.0,33.6,7.7,13.4,57.46268656716418,0.0,0.1,0.0,7.7,13.4,57.46268656716418,57.46268656716418,4.5,5.9,76.27118644067797,61.89047261815453,29.62025316455696,2.9,6.1,9.0,1.8,0.4,1.5,2.0,3.0,19.8,6MOY-1,1984-85,1,0,1,0,0,0,1
Clyde Drexler,22.0,POR,80.0,43.0,31.9,7.2,14.5,49.6551724137931,0.1,0.5,20.0,7.1,14.1,50.35460992907801,50.0,2.8,3.7,75.67567567567566,53.323412698412696,25.99999999999999,2.7,3.2,6.0,5.5,2.2,0.9,2.8,3.3,17.2,"MVP-22,6MOY-2",1984-85,1,0,0,0,0,1,0
Dan Issel,36.0,DEN,77.0,9.0,21.9,4.7,10.3,45.63106796116504,0.0,0.1,0.0,4.7,10.2,46.07843137254902,45.63106796116504,3.3,4.1,80.48780487804879,52.87508261731659,16.233766233766232,1.0,3.3,4.3,1.8,0.8,0.4,1.2,2.2,12.8,6MOY-2,1984-85,1,1,0,0,0,0,1
Eddie Johnson,26.0,SAC,82.0,30.0,30.7,7.6,16.0,47.5,0.0,0.2,0.0,7.5,15.7,47.77070063694268,47.5,3.4,4.2,80.95238095238095,52.38682205289108,19.268292682926827,2.1,3.0,5.1,2.6,0.7,0.2,2.3,2.9,18.7,6MOY-3,1985-86,1,0,0,0,1,0,1
Ricky Pierce,26.0,MIL,81.0,8.0,26.5,5.3,9.9,53.535353535353536,0.0,0.3,0.0,5.3,9.6,55.208333333333336,53.535353535353536,3.3,3.8,86.8421052631579,60.05876253024541,16.91358024691358,1.2,1.7,2.9,2.2,1.0,0.1,1.3,3.1,13.9,6MOY-2,1985-86,1,0,0,0,0,1,1
Bill Walton,33.0,BOS,80.0,2.0,19.3,2.9,5.1,56.86274509803921,0.0,0.0,0.0,2.9,5.1,56.86274509803921,56.86274509803921,1.8,2.5,72.0,61.29032258064516,16.875,1.7,5.1,6.8,2.1,0.5,1.3,1.9,2.6,7.6,6MOY-1,1985-86,1,1,0,0,0,0,0
Ricky Pierce,27.0,MIL,79.0,31.0,31.7,7.3,13.6,53.67647058823529,0.0,0.4,0.0,7.2,13.3,54.13533834586466,53.67647058823529,4.9,5.6,87.50000000000001,60.69472111553785,21.89873417721519,1.5,1.9,3.4,1.8,0.8,0.3,1.5,2.8,19.5,6MOY-1,1986-87,1,0,0,0,0,1,1
Vinnie Johnson,30.0,DET,78.0,8.0,27.8,6.8,14.8,45.94594594594594,0.1,0.2,50.0,6.8,14.6,46.57534246575342,46.283783783783775,2.0,2.6,76.92307692307692,49.23482187656799,17.82051282051282,1.6,1.7,3.3,3.8,1.2,0.2,1.7,2.0,15.7,6MOY-2,1986-87,1,0,0,0,0,1,1
Michael Cooper,30.0,LAL,82.0,2.0,27.5,3.9,9.0,43.333333333333336,1.1,2.8,39.28571428571429,2.8,6.2,45.16129032258064,49.44444444444444,1.5,1.8,83.33333333333333,53.61519607843137,15.85365853658537,0.7,2.4,3.1,4.5,1.0,0.5,1.2,2.4,10.5,"DPOY-1,6MOY-3",1986-87,1,0,0,0,0,1,1
Thurl Bailey,26.0,UTA,82.0,10.0,34.2,7.7,15.7,49.04458598726115,0.0,0.0,0.0,7.7,15.6,49.358974358974365,49.04458598726115,4.1,5.0,82.0,54.74860335195532,23.048780487804883,1.6,4.8,6.5,1.9,0.6,1.5,2.3,2.3,19.6,6MOY-2,1987-88,1,0,0,0,1,0,1
Roy Tarpley,23.0,DAL,81.0,9.0,28.5,5.5,11.0,50.0,0.0,0.1,0.0,5.5,10.9,50.45871559633027,50.0,2.5,3.4,73.52941176470588,54.01728553137004,25.06172839506173,4.4,7.4,11.8,1.1,1.3,1.1,2.1,3.9,13.5,6MOY-1,1987-88,1,0,1,0,0,0,1
Eddie Johnson,29.0,PHO,70.0,7.0,29.2,8.7,17.5,49.71428571428571,1.0,2.5,40.0,7.7,15.0,51.33333333333333,52.57142857142857,3.1,3.6,86.11111111111111,56.3299098721442,25.71428571428571,1.3,3.1,4.4,2.3,0.7,0.1,1.7,2.8,21.5,6MOY-1,1988-89,1,0,0,0,1,0,1
Thurl Bailey,27.0,UTA,82.0,3.0,33.9,7.5,15.5,48.38709677419355,0.0,0.1,0.0,7.5,15.5,48.38709677419355,48.38709677419355,4.4,5.4,81.4814814814815,54.54240322219736,20.60975609756098,1.4,4.0,5.5,1.7,0.6,1.1,2.5,2.3,19.5,6MOY-2,1988-89,1,0,0,0,1,0,1
Dennis Rodman,27.0,DET,82.0,8.0,26.9,3.9,6.5,60.0,0.1,0.3,33.333333333333336,3.8,6.2,61.29032258064515,60.76923076923077,1.2,1.9,63.1578947368421,61.34133042529989,19.999999999999996,4.0,5.4,9.4,1.2,0.7,0.9,1.5,3.6,9.0,"DPOY-3,6MOY-3",1988-89,1,0,0,0,1,0,1
Ricky Pierce,30.0,MIL,59.0,0.0,29.0,8.5,16.7,50.898203592814376,0.8,2.3,34.78260869565218,7.7,14.5,53.10344827586208,53.2934131736527,5.2,6.2,83.87096774193549,59.1929174387482,29.83050847457628,1.1,1.7,2.8,2.3,0.8,0.1,2.2,2.7,23.0,6MOY-1,1989-90,1,0,0,0,0,1,1
John Williams,23.0,WSB,18.0,18.0,35.1,7.2,15.2,47.36842105263158,0.1,1.0,10.0,7.1,14.2,50.0,47.69736842105263,3.6,4.7,76.59574468085107,52.69863331016909,114.99999999999996,1.5,6.1,7.6,4.7,1.2,0.5,2.4,1.8,18.2,6MOY-3,1989-90,1,0,0,0,1,0,0
Eddie Johnson,30.0,PHO,64.0,4.0,28.3,6.4,14.2,45.07042253521127,1.1,2.9,37.93103448275863,5.3,11.3,46.90265486725663,48.94366197183098,2.9,3.2,90.625,54.13890312660175,20.78125,1.1,2.8,3.8,1.7,0.5,0.2,1.7,2.7,16.9,6MOY-3,1989-90,1,0,0,0,1,0,1
Detlef Schrempf,27.0,IND,78.0,18.0,33.0,5.4,10.5,51.42857142857144,0.2,0.6,33.333333333333336,5.2,9.9,52.52525252525253,52.38095238095239,5.2,6.3,82.53968253968254,61.03074141048824,25.384615384615383,1.9,6.0,7.9,3.2,0.8,0.2,2.3,3.5,16.2,6MOY-2,1989-90,1,0,1,0,0,0,1
Orlando Woolridge,30.0,LAL,62.0,2.0,22.9,4.9,8.9,55.0561797752809,0.0,0.1,0.0,4.9,8.8,55.68181818181818,55.0561797752809,2.8,3.9,71.7948717948718,59.8153730218538,19.67741935483871,0.8,2.2,3.0,1.5,0.6,0.7,1.2,2.6,12.7,6MOY-3,1989-90,1,0,0,0,1,0,1
Kevin McHale,33.0,BOS,68.0,10.0,30.4,7.4,13.4,55.223880597014926,0.2,0.5,40.0,7.2,12.9,55.81395348837209,55.970149253731336,3.4,4.0,85.0,60.68601583113456,31.17647058823529,2.1,4.9,7.1,1.9,0.4,2.1,2.1,2.9,18.4,"MVP-19,6MOY-3,AS",1990-91,1,0,1,0,0,0,1
Detlef Schrempf,28.0,IND,82.0,3.0,32.1,5.3,10.1,52.47524752475248,0.2,0.5,40.0,5.1,9.6,53.125,53.465346534653456,5.4,6.6,81.81818181818183,61.90402952937559,25.24390243902439,2.2,5.9,8.0,3.7,0.7,0.3,2.1,3.2,16.1,6MOY-1,1990-91,1,0,1,0,0,0,1
Dan Majerle,25.0,PHO,77.0,7.0,29.6,5.2,10.7,48.5981308411215,0.4,1.1,36.36363636363637,4.8,9.5,50.526315789473685,50.46728971962617,2.9,3.9,74.35897435897436,54.76804123711341,20.38961038961039,2.2,3.2,5.4,2.8,1.4,0.5,1.5,2.1,13.6,6MOY-2,1990-91,1,0,0,0,1,0,1
Šarūnas Marčiulionis,27.0,GSW,72.0,5.0,29.4,6.8,12.7,53.54330708661418,0.0,0.1,0.0,6.8,12.5,54.400000000000006,53.54330708661418,5.2,6.6,78.7878787878788,60.56139451422712,23.472222222222225,0.9,1.9,2.9,3.4,1.6,0.1,2.7,3.3,18.9,6MOY-2,1991-92,1,0,0,0,0,1,1
Dan Majerle,26.0,PHO,82.0,15.0,34.8,6.7,14.1,47.5177304964539,1.1,2.8,39.28571428571429,5.7,11.3,50.4424778761062,51.41843971631206,2.8,3.7,75.67567567567566,54.99745676500509,23.29268292682928,1.8,4.1,5.9,3.3,1.6,0.5,1.2,1.9,17.3,"6MOY-3,AS",1991-92,1,0,0,0,1,0,1
Detlef Schrempf,29.0,IND,80.0,4.0,32.6,6.2,11.6,53.448275862068975,0.3,0.9,33.33333333333333,5.9,10.7,55.14018691588786,54.741379310344826,4.6,5.5,83.63636363636363,61.69757489300999,29.25,2.5,7.1,9.6,3.9,0.8,0.5,2.4,3.6,17.3,"MVP-16,6MOY-1",1991-92,1,0,1,0,0,0,1
Clifford Robinson,26.0,POR,82.0,12.0,31.4,7.7,16.3,47.23926380368098,0.2,0.9,22.222222222222225,7.5,15.4,48.701298701298704,47.85276073619632,3.5,5.1,68.62745098039215,51.49913718723037,22.92682926829268,2.0,4.6,6.6,2.2,1.2,2.0,2.1,3.5,19.1,6MOY-1,1992-93,1,0,1,0,0,0,1
Danny Ainge,33.0,PHO,80.0,0.0,27.0,4.2,9.1,46.15384615384615,1.9,4.7,40.42553191489361,2.3,4.5,51.11111111111111,56.593406593406606,1.5,1.8,83.33333333333333,59.644156894460174,15.250000000000002,0.6,2.1,2.7,3.3,0.9,0.1,1.4,2.2,11.8,6MOY-2,1992-93,1,0,0,0,0,1,1
Anthony Mason,26.0,NYK,81.0,0.0,30.6,3.9,7.8,50.0,0.0,0.0,0.0,3.9,7.8,50.0,50.0,2.5,3.6,69.44444444444444,54.88064791133846,17.654320987654327,2.9,5.0,7.9,2.1,0.5,0.2,1.7,3.0,10.3,6MOY-2,1992-93,1,0,1,0,0,0,1
Dell Curry,29.0,CHH,82.0,0.0,26.5,6.5,14.3,45.45454545454545,1.9,4.6,41.30434782608695,4.6,9.7,47.42268041237113,52.09790209790209,1.4,1.6,87.49999999999999,54.318848307118095,17.317073170731707,0.9,2.3,3.2,2.7,1.2,0.3,1.5,2.0,16.3,6MOY-1,1993-94,1,0,0,0,0,1,1
Craig Ehlo,32.0,ATL,82.0,0.0,26.2,3.9,8.6,45.34883720930233,0.9,2.7,33.33333333333333,2.9,5.9,49.15254237288135,50.58139534883721,1.4,1.9,73.68421052631578,52.98855447223399,14.51219512195122,0.9,2.5,3.4,3.3,1.7,0.3,1.6,2.0,10.0,6MOY-3,1993-94,1,0,0,0,0,1,1
Nate McMillan,29.0,SEA,73.0,8.0,25.8,2.4,5.4,44.44444444444444,0.7,1.8,38.888888888888886,1.7,3.6,47.22222222222222,50.92592592592592,0.4,0.8,50.0,52.1557719054242,18.356164383561644,0.7,3.2,3.9,5.3,3.0,0.3,1.7,2.8,6.0,"DPOY-7,6MOY-2",1993-94,1,0,0,1,0,0,1
Dell Curry,30.0,CHH,69.0,0.0,24.9,5.0,11.3,44.24778761061947,2.2,5.2,42.30769230769231,2.7,6.0,45.0,53.98230088495575,1.4,1.6,87.49999999999999,56.647784071976005,15.652173913043482,0.6,1.8,2.4,1.6,0.8,0.3,1.4,2.1,13.6,6MOY-2,1994-95,1,0,0,0,0,1,1
Chuck Person,30.0,SAS,81.0,1.0,25.1,3.9,9.3,41.93548387096774,2.1,5.5,38.18181818181819,1.8,3.8,47.36842105263158,53.2258064516129,0.8,1.3,61.53846153846154,54.70016207455431,10.864197530864196,0.6,2.6,3.2,1.3,0.6,0.1,1.3,2.4,10.8,6MOY-3,1994-95,1,0,0,0,1,0,1
Anthony Mason,28.0,NYK,77.0,11.0,32.4,3.7,6.6,56.06060606060607,0.0,0.0,0.0,3.7,6.6,56.06060606060607,56.06060606060607,2.5,3.9,64.1025641025641,59.52380952380953,21.688311688311693,2.4,6.1,8.4,3.1,0.9,0.3,1.6,3.3,9.9,6MOY-1,1994-95,1,0,1,0,0,0,1
Arvydas Sabonis,31.0,POR,73.0,21.0,23.8,5.4,9.9,54.54545454545456,0.5,1.4,35.714285714285715,4.9,8.5,57.64705882352942,57.07070707070707,3.2,4.2,76.19047619047619,61.71263193735104,25.753424657534246,2.0,6.0,8.1,1.8,0.9,1.1,2.1,2.9,14.5,"ROY-2,6MOY-2",1995-96,1,1,0,0,0,0,1
Toni Kukoč,27.0,CHI,81.0,20.0,26.0,4.8,9.7,49.48453608247423,1.1,2.7,40.74074074074075,3.7,7.0,52.85714285714286,55.154639175257735,2.5,3.3,75.75757575757575,58.73385939741751,18.024691358024693,1.4,2.6,4.0,3.5,0.8,0.3,1.4,1.9,13.1,6MOY-1,1995-96,1,0,0,0,1,0,1
Jayson Williams,27.0,NJN,80.0,6.0,23.2,3.5,8.3,42.16867469879518,0.0,0.1,0.0,3.5,8.2,42.6829268292683,42.16867469879518,2.0,3.4,58.82352941176471,45.93711719069008,16.499999999999996,4.3,5.8,10.0,0.6,0.4,0.7,1.3,3.0,9.0,6MOY-3,1995-96,1,0,1,0,0,0,1
Chris Gatling,29.0,2TM,47.0,1.0,27.3,7.0,13.3,52.63157894736842,0.0,0.1,0.0,6.9,13.1,52.67175572519084,52.63157894736842,5.0,7.0,71.42857142857143,57.99755799755799,38.51063829787233,2.9,5.0,7.9,0.6,0.8,0.7,2.6,2.9,19.0,"6MOY-3,AS",1996-97,1,0,1,0,0,0,0
John Starks,31.0,NYK,77.0,1.0,26.5,4.8,11.1,43.24324324324324,1.9,5.3,35.84905660377358,2.8,5.8,48.27586206896552,51.80180180180181,2.2,2.9,75.86206896551725,55.75307045895281,14.935064935064938,0.5,2.2,2.7,2.8,1.2,0.1,2.1,2.5,13.8,6MOY-1,1996-97,1,0,0,0,0,1,1
Toni Kukoč,28.0,CHI,57.0,15.0,28.2,5.0,10.6,47.16981132075472,0.9,2.6,34.61538461538461,4.1,8.0,51.24999999999999,51.41509433962265,2.4,3.1,77.41935483870968,55.1654964894684,28.07017543859649,1.6,2.9,4.6,4.5,1.1,0.5,1.6,1.7,13.2,6MOY-2,1996-97,1,0,0,0,1,0,1
Kobe Bryant,19.0,LAL,79.0,1.0,26.0,4.9,11.6,42.24137931034483,0.9,2.8,32.142857142857146,4.0,8.8,45.45454545454545,46.12068965517242,4.6,5.8,79.31034482758619,54.40927077444885,15.822784810126585,1.0,2.1,3.1,2.5,0.9,0.5,2.0,2.3,15.4,"6MOY-2,AS",1997-98,1,0,0,0,1,0,1
Danny Manning,31.0,PHO,70.0,11.0,25.6,5.6,10.8,51.85185185185185,0.0,0.1,0.0,5.6,10.7,52.33644859813084,51.85185185185185,2.4,3.2,74.99999999999999,55.29161205766711,22.0,1.6,4.0,5.6,2.0,1.0,0.7,1.4,2.9,13.5,6MOY-1,1997-98,1,0,1,0,0,0,1
Dale Ellis,37.0,SEA,79.0,0.0,24.5,4.4,8.9,49.438202247191015,1.6,3.5,45.71428571428572,2.8,5.4,51.85185185185185,58.42696629213483,1.4,1.8,77.77777777777777,60.87494841106067,13.037974683544304,0.6,1.7,2.3,1.1,0.8,0.1,0.9,1.6,11.8,6MOY-3,1997-98,1,0,0,0,1,0,1
Darrell Armstrong,30.0,ORL,50.0,15.0,30.0,4.6,10.4,44.230769230769226,1.4,3.8,36.84210526315789,3.2,6.7,47.76119402985074,50.96153846153846,3.2,3.6,88.8888888888889,57.57676902536716,34.00000000000001,1.1,2.5,3.6,6.7,2.2,0.1,3.2,1.8,13.8,"MVP-15,MIP-1,6MOY-1",1998-99,1,0,0,1,0,0,1
Rasheed Wallace,24.0,POR,49.0,18.0,28.9,4.9,9.7,50.515463917525786,0.3,0.6,50.0,4.7,9.1,51.64835164835166,52.06185567010311,2.7,3.7,72.97297297297297,56.49717514124294,27.75510204081633,1.2,3.8,4.9,1.2,1.0,1.1,1.6,3.6,12.8,"MVP-16,6MOY-2",1998-99,1,0,1,0,0,0,0
Jalen Rose,26.0,IND,49.0,1.0,25.3,4.1,10.1,40.59405940594059,0.3,1.3,23.07692307692308,3.7,8.8,42.04545454545454,42.079207920792086,2.6,3.2,81.25,48.22732012513035,18.97959183673469,0.7,2.4,3.1,1.9,1.0,0.3,1.5,2.6,11.1,6MOY-3,1998-99,1,0,0,0,1,0,0
Antonio Davis,30.0,IND,49.0,1.0,25.9,3.3,7.1,46.478873239436616,0.0,0.0,0.0,3.3,7.1,46.478873239436616,46.478873239436616,2.8,3.9,71.7948717948718,53.31215970961888,25.510204081632644,2.4,4.7,7.0,0.7,0.4,0.9,1.0,2.8,9.4,6MOY-3,1998-99,1,0,1,0,0,0,0
Cedric Ceballos,30.0,DAL,69.0,25.0,29.9,6.5,14.5,44.82758620689656,0.6,1.9,31.57894736842105,5.8,12.6,46.03174603174603,46.89655172413793,3.0,3.6,83.33333333333333,51.60407858741607,22.17391304347826,2.5,4.2,6.7,1.3,0.8,0.3,1.8,2.4,16.6,6MOY-3,1999-00,1,0,0,0,1,0,1
Cuttino Mobley,24.0,HOU,81.0,8.0,30.8,5.4,12.5,43.2,1.3,3.6,36.11111111111111,4.1,8.9,46.06741573033708,48.400000000000006,3.7,4.4,84.09090909090908,54.72430036021058,16.543209876543216,0.7,2.8,3.6,2.6,1.1,0.4,2.3,2.1,15.8,6MOY-2,1999-00,1,0,0,0,0,1,1
Tracy McGrady,20.0,TOR,79.0,34.0,31.2,5.8,12.9,44.96124031007752,0.2,0.8,25.0,5.6,12.1,46.28099173553719,45.73643410852712,3.5,5.0,70.0,50.9933774834437,22.0253164556962,2.4,4.0,6.3,3.3,1.1,1.9,2.0,2.5,15.4,6MOY-3,1999-00,1,0,0,0,1,0,1
Rodney Rogers,28.0,PHO,82.0,7.0,27.9,5.2,10.7,48.5981308411215,1.4,3.2,43.74999999999999,3.8,7.5,50.66666666666666,55.14018691588786,1.9,3.0,63.33333333333333,57.40432612312812,17.682926829268297,1.7,3.8,5.5,2.1,1.1,0.6,2.0,3.5,13.8,6MOY-1,1999-00,1,0,1,0,0,0,1
Tim Thomas,23.0,MIL,76.0,16.0,27.4,4.3,10.0,43.0,1.4,3.4,41.17647058823529,2.9,6.6,43.93939393939394,50.0,2.6,3.3,78.7878787878788,55.012224938875306,16.05263157894737,1.0,3.1,4.1,1.8,1.0,0.6,1.5,2.6,12.6,6MOY-2,2000-01,1,0,1,0,0,0,1
Tony Delk,27.0,PHO,82.0,11.0,27.9,4.7,11.3,41.5929203539823,0.7,2.0,35.0,4.0,9.2,43.47826086956522,44.690265486725664,2.3,2.9,79.31034482758619,48.9026717557252,12.4390243902439,0.9,2.3,3.2,2.0,0.9,0.2,1.2,2.1,12.3,6MOY-10,2000-01,1,0,0,0,0,1,1
Aaron McKie,28.0,PHI,76.0,33.0,31.5,4.4,9.4,46.80851063829788,0.7,2.2,31.818181818181813,3.8,7.2,52.77777777777778,50.53191489361703,2.0,2.6,76.92307692307692,55.00758725341426,18.289473684210524,0.4,3.7,4.1,5.0,1.4,0.1,2.7,2.3,11.6,6MOY-1,2000-01,1,0,0,0,0,1,1
Austin Croshere,25.0,IND,81.0,23.0,23.1,3.4,8.7,39.08045977011494,0.9,2.6,34.61538461538461,2.5,6.1,40.98360655737705,44.2528735632184,2.5,2.9,86.20689655172414,50.6214915797915,11.851851851851851,1.5,3.3,4.8,1.1,0.4,0.6,1.7,2.2,10.1,6MOY-10,2000-01,1,0,1,0,0,0,1
LaPhonso Ellis,30.0,MIN,82.0,5.0,23.8,3.6,7.8,46.15384615384615,0.1,0.3,33.333333333333336,3.5,7.6,46.05263157894737,46.7948717948718,2.1,2.6,80.76923076923077,52.54919499105546,14.878048780487804,2.4,3.6,6.0,1.1,0.8,0.9,1.3,3.5,9.4,6MOY-3,2000-01,1,0,1,0,0,0,1
Corliss Williamson,28.0,DET,78.0,7.0,21.8,5.3,10.3,51.45631067961165,0.0,0.1,0.0,5.3,10.3,51.45631067961165,51.45631067961165,3.1,3.8,81.57894736842107,56.79919812896759,15.769230769230772,1.5,2.6,4.1,1.2,0.6,0.3,1.8,2.9,13.6,6MOY-1,2001-02,1,0,0,0,1,0,1
Quentin Richardson,21.0,LAC,81.0,0.0,26.6,4.9,11.4,42.98245614035088,1.6,4.3,37.2093023255814,3.3,7.1,46.478873239436616,50.0,1.8,2.3,78.26086956521739,53.57718337093136,14.814814814814811,1.4,2.7,4.1,1.6,1.0,0.3,1.3,1.8,13.3,6MOY-3,2001-02,1,0,0,0,0,1,1
Bobby Jackson,28.0,SAC,81.0,3.0,21.6,4.1,9.3,44.08602150537634,1.0,2.7,37.03703703703704,3.1,6.6,46.96969696969697,49.46236559139784,1.8,2.3,78.26086956521739,53.82079131109386,12.839506172839505,1.0,2.1,3.1,2.0,0.9,0.1,1.1,1.8,11.1,6MOY-2,2001-02,1,0,0,1,0,0,1
Bobby Jackson,29.0,SAC,59.0,26.0,28.4,5.8,12.4,46.774193548387096,1.5,4.0,37.5,4.3,8.4,51.19047619047619,52.82258064516129,2.1,2.5,84.00000000000001,56.29629629629629,24.57627118644068,1.0,2.7,3.7,3.1,1.2,0.1,1.8,2.1,15.2,6MOY-1,2002-03,1,0,0,1,0,0,1
Michael Redd,23.0,MIL,82.0,14.0,28.2,5.5,11.8,46.61016949152542,2.2,5.1,43.1372549019608,3.3,6.8,48.52941176470589,55.932203389830505,1.8,2.3,78.26086956521739,58.92912894161723,17.92682926829268,1.2,3.3,4.5,1.4,1.2,0.2,0.9,1.7,15.1,6MOY-2,2002-03,1,0,0,0,0,1,1
Andrei Kirilenko,21.0,UTA,80.0,11.0,27.7,3.9,8.0,48.75,0.5,1.4,35.714285714285715,3.5,6.6,53.03030303030303,51.87500000000001,3.7,4.6,80.43478260869567,59.85634477254589,20.000000000000004,1.8,3.4,5.3,1.7,1.5,2.2,1.7,2.3,12.0,6MOY-3,2002-03,1,0,0,0,1,0,1
Toni Kukoč,34.0,MIL,63.0,0.0,27.0,4.0,9.2,43.47826086956522,1.5,4.2,35.714285714285715,2.4,5.0,48.0,51.6304347826087,2.2,3.1,70.96774193548387,54.90344566452101,21.11111111111111,1.1,3.2,4.2,3.7,1.3,0.5,1.9,2.1,11.6,6MOY-10,2002-03,1,0,1,0,0,0,1
Lucious Harris,32.0,NJN,77.0,25.0,25.6,3.9,9.4,41.48936170212766,0.6,1.8,33.33333333333333,3.3,7.6,43.42105263157895,44.680851063829785,2.0,2.5,80.0,49.04761904761905,11.94805194805195,0.8,2.2,3.0,2.0,0.7,0.1,0.9,1.2,10.3,6MOY-11,2002-03,1,0,0,0,0,1,1
Joe Johnson,21.0,PHO,82.0,34.0,27.5,3.9,9.7,40.20618556701031,0.9,2.5,36.0,2.9,7.2,40.27777777777777,44.84536082474227,1.2,1.5,80.0,47.297297297297305,11.219512195121949,0.7,2.5,3.2,2.6,0.8,0.2,1.3,1.7,9.8,6MOY-11,2002-03,1,0,0,0,0,1,1
Keon Clark,27.0,SAC,80.0,11.0,22.3,2.8,5.6,50.0,0.0,0.1,0.0,2.8,5.6,50.0,50.0,1.1,1.6,68.75,53.14086294416245,14.000000000000004,1.7,3.9,5.6,1.0,0.5,1.9,1.2,2.8,6.7,6MOY-11,2002-03,1,1,0,0,0,0,1
Antawn Jamison,27.0,DAL,82.0,2.0,29.0,6.0,11.1,54.054054054054056,0.2,0.5,40.0,5.8,10.6,54.71698113207547,54.95495495495495,2.7,3.6,75.0,58.34121728161465,20.0,2.8,3.5,6.3,0.9,1.0,0.4,1.0,2.1,14.8,6MOY-1,2003-04,1,0,0,0,1,0,1
Ricky Davis,24.0,2TM,79.0,27.0,31.3,5.6,12.0,46.66666666666666,0.7,1.8,38.888888888888886,5.0,10.3,48.543689320388346,49.58333333333333,2.5,3.5,71.42857142857143,53.17577548005909,17.594936708860757,1.0,3.6,4.5,3.3,1.2,0.3,2.4,2.2,14.4,6MOY-14,2003-04,1,0,0,0,1,0,1
Al Harrington,23.0,IND,79.0,15.0,30.9,5.3,11.5,46.08695652173913,0.3,1.0,30.0,5.1,10.5,48.57142857142856,47.39130434782609,2.3,3.2,71.87499999999999,51.5184381778742,17.088607594936715,2.1,4.4,6.4,1.7,1.0,0.3,2.1,3.2,13.3,6MOY-2,2003-04,1,0,1,0,0,0,1
Manu Ginóbili,26.0,SAS,77.0,38.0,29.4,4.3,10.2,42.15686274509804,1.1,3.2,34.375,3.1,7.1,43.66197183098592,47.549019607843135,3.1,3.9,79.48717948717949,53.709298422289365,18.571428571428577,1.1,3.4,4.5,3.8,1.8,0.2,2.1,2.4,12.8,6MOY-3,2003-04,1,0,0,0,0,1,1
Bonzi Wells,27.0,2TM,72.0,27.0,26.0,5.0,11.8,42.3728813559322,0.3,1.0,30.0,4.7,10.8,43.51851851851852,43.64406779661017,1.9,2.5,76.0,47.674418604651166,13.611111111111112,1.1,2.5,3.6,1.9,1.3,0.3,2.2,2.7,12.3,6MOY-12,2003-04,1,0,0,0,0,1,1
Vladimir Radmanović,23.0,SEA,77.0,38.0,30.1,4.5,10.5,42.85714285714285,1.8,4.9,36.73469387755102,2.7,5.6,48.21428571428572,51.42857142857144,1.2,1.6,74.99999999999999,53.55230274901821,16.623376623376622,1.4,3.9,5.3,1.8,1.0,0.5,1.4,2.4,12.0,6MOY-15,2003-04,1,0,1,0,0,0,1
Maurice Taylor,27.0,HOU,75.0,10.0,27.7,4.9,10.2,48.03921568627452,0.0,0.0,0.0,4.9,10.2,48.03921568627452,48.03921568627452,1.7,2.3,73.91304347826087,51.28433820906172,15.066666666666674,1.7,3.4,5.1,1.4,0.6,0.6,2.0,3.4,11.5,6MOY-10,2003-04,1,0,1,0,0,0,1
Darrell Armstrong,35.0,NOH,79.0,22.0,28.4,3.7,9.3,39.784946236559136,1.7,5.4,31.48148148148148,2.0,3.9,51.28205128205129,48.924731182795696,1.6,1.8,88.8888888888889,52.51684502576298,14.55696202531645,0.8,2.1,2.9,3.9,1.7,0.2,2.0,1.9,10.6,6MOY-13,2003-04,1,0,0,1,0,0,1
Corliss Williamson,30.0,DET,79.0,0.0,19.9,3.8,7.6,50.0,0.0,0.0,0.0,3.8,7.6,50.0,50.0,1.8,2.5,72.0,54.59770114942529,10.37974683544304,1.1,2.1,3.2,0.7,0.4,0.3,1.4,2.6,9.5,6MOY-10,2003-04,1,0,1,0,0,0,0
Fred Hoiberg,31.0,MIN,79.0,3.0,22.8,2.3,4.8,47.91666666666666,1.0,2.2,45.45454545454545,1.3,2.7,48.14814814814815,58.333333333333336,1.2,1.5,80.0,61.35531135531136,11.39240506329114,0.3,3.1,3.4,1.4,0.8,0.1,0.6,1.7,6.7,6MOY-15,2003-04,1,0,0,0,0,1,1
Ricky Davis,25.0,BOS,82.0,11.0,32.9,5.9,12.7,46.45669291338584,0.7,2.2,31.818181818181813,5.1,10.5,48.57142857142856,49.21259842519685,3.5,4.3,81.3953488372093,54.82456140350877,16.21951219512195,0.8,2.2,3.0,3.0,1.1,0.3,2.5,2.1,16.0,6MOY-2,2004-05,1,0,0,0,0,1,1
Ben Gordon,21.0,CHI,82.0,3.0,24.4,5.3,12.9,41.08527131782945,1.6,4.0,40.0,3.7,8.8,42.04545454545454,47.28682170542635,2.8,3.3,84.84848484848484,52.60590858416945,12.195121951219512,0.7,2.0,2.6,2.0,0.6,0.1,2.3,2.7,15.1,"ROY-2,6MOY-1",2004-05,1,0,0,0,0,1,1
Hedo Türkoğlu,25.0,ORL,67.0,11.0,26.2,4.9,11.7,41.88034188034189,1.4,3.7,37.83783783783783,3.5,8.0,43.75,47.86324786324787,2.8,3.4,82.35294117647058,53.04637769020916,17.16417910447762,0.9,2.6,3.5,2.3,0.6,0.3,1.8,2.1,14.0,6MOY-14,2004-05,1,0,0,0,1,0,1
Mehmet Okur,25.0,UTA,82.0,25.0,28.1,4.3,9.2,46.73913043478261,0.2,0.8,25.0,4.1,8.5,48.23529411764705,47.826086956521735,4.0,4.7,85.1063829787234,57.24174653887116,19.87804878048781,2.4,5.1,7.5,2.0,0.4,0.8,1.7,2.8,12.9,6MOY-11,2004-05,1,1,0,0,0,0,1
Earl Boykins,28.0,DEN,82.0,5.0,26.4,4.1,10.0,41.0,0.7,2.0,35.0,3.5,8.0,43.75,44.49999999999999,3.4,3.7,91.89189189189187,53.31957344341245,14.634146341463415,0.5,1.3,1.7,4.5,1.0,0.1,1.5,1.5,12.4,6MOY-3,2004-05,1,0,0,1,0,0,1
Kyle Korver,23.0,PHI,82.0,57.0,32.5,3.9,9.3,41.93548387096774,2.8,6.8,41.17647058823529,1.1,2.5,44.00000000000001,56.98924731182795,1.0,1.2,83.33333333333334,58.5063085063085,15.975609756097562,0.5,4.1,4.6,2.2,1.3,0.4,1.3,3.2,11.5,6MOY-11,2004-05,1,0,0,0,1,0,0
Jim Jackson,34.0,2TM,64.0,27.0,31.0,3.9,9.1,42.85714285714286,1.9,4.6,41.30434782608695,2.0,4.5,44.44444444444444,53.2967032967033,0.8,0.9,88.8888888888889,55.28643639427126,17.34375,0.5,3.7,4.2,2.9,0.5,0.1,1.8,2.4,10.5,6MOY-10,2004-05,1,0,0,0,1,0,1
Tyson Chandler,22.0,CHI,80.0,10.0,27.4,2.6,5.2,50.0,0.0,0.0,0.0,2.6,5.2,50.0,50.0,2.8,4.2,66.66666666666666,56.75368898978434,19.625,3.3,6.4,9.7,0.8,0.9,1.8,1.5,3.4,8.0,"DPOY-18,6MOY-11",2004-05,1,1,0,0,0,0,1
Jamal Crawford,25.0,NYK,79.0,27.0,32.3,4.6,11.1,41.44144144144144,1.3,3.7,35.13513513513514,3.4,7.4,45.94594594594594,47.2972972972973,3.7,4.5,82.22222222222223,54.66360856269114,16.45569620253165,0.5,2.7,3.1,3.8,1.1,0.2,2.2,1.9,14.3,6MOY-14,2005-06,1,0,0,0,0,1,1
Mike Miller,25.0,MEM,74.0,9.0,30.6,4.8,10.3,46.60194174757281,1.9,4.6,41.30434782608695,2.9,5.7,50.87719298245613,55.8252427184466,2.3,2.8,82.14285714285714,59.39993062781824,20.27027027027027,0.6,4.8,5.4,2.7,0.7,0.4,1.9,2.3,13.7,6MOY-1,2005-06,1,0,0,0,0,1,1
Derek Fisher,31.0,GSW,82.0,36.0,31.6,4.4,10.8,40.74074074074075,1.4,3.6,38.888888888888886,3.0,7.2,41.66666666666666,47.22222222222223,3.0,3.6,83.33333333333333,53.6983204134367,15.731707317073171,0.4,2.1,2.6,4.3,1.5,0.1,1.9,2.9,13.3,6MOY-16,2005-06,1,0,0,1,0,0,1
Jerry Stackhouse,31.0,DAL,55.0,11.0,27.7,4.4,11.0,40.0,0.7,2.4,29.166666666666668,3.7,8.6,43.02325581395349,43.18181818181818,3.5,4.0,87.5,50.94043887147336,18.727272727272723,0.6,2.2,2.8,2.9,0.7,0.2,2.2,1.7,13.0,6MOY-3,2005-06,1,0,0,0,0,1,1
Charlie Villanueva,21.0,TOR,81.0,36.0,29.1,5.4,11.6,46.55172413793104,0.9,2.6,34.61538461538461,4.5,9.0,50.0,50.43103448275863,1.4,2.0,70.0,52.083333333333336,17.283950617283953,2.2,4.2,6.4,1.1,0.7,0.8,1.2,3.0,13.0,"ROY-2,6MOY-20",2005-06,1,0,1,0,0,0,1
Matt Harpring,29.0,UTA,71.0,32.0,27.4,4.5,9.5,47.368421052631575,0.2,0.5,40.0,4.3,9.0,47.77777777777777,48.42105263157895,3.2,4.4,72.72727272727273,54.65197621545995,17.464788732394364,2.2,3.0,5.2,1.4,0.8,0.2,1.5,2.8,12.5,6MOY-16,2005-06,1,0,0,0,1,0,1
Shareef Abdur-Rahim,29.0,SAC,72.0,30.0,27.2,4.6,8.8,52.27272727272726,0.1,0.3,33.333333333333336,4.5,8.5,52.94117647058824,52.84090909090908,3.0,3.9,76.92307692307693,58.48231266641308,19.58333333333333,1.5,3.5,5.0,2.1,0.7,0.6,1.5,3.2,12.3,6MOY-10,2005-06,1,0,1,0,0,0,1
Speedy Claxton,27.0,NOK,71.0,3.0,28.4,4.3,10.4,41.34615384615385,0.2,0.9,22.222222222222225,4.0,9.5,42.10526315789473,42.3076923076923,3.5,4.5,77.77777777777779,49.676898222940224,17.042253521126764,0.5,2.2,2.7,4.8,1.5,0.1,2.2,2.5,12.3,6MOY-2,2005-06,1,0,0,1,0,0,1
Channing Frye,22.0,NYK,65.0,14.0,24.2,4.7,9.8,47.95918367346938,0.0,0.1,0.0,4.6,9.7,47.42268041237113,47.95918367346938,2.9,3.5,82.85714285714285,54.23280423280424,19.846153846153847,2.1,3.6,5.8,0.8,0.5,0.7,1.5,3.1,12.3,"ROY-5,6MOY-11",2005-06,1,1,0,0,0,0,1
Antoine Walker,29.0,MIA,82.0,19.0,26.8,4.8,11.0,43.63636363636363,1.7,4.7,36.17021276595744,3.1,6.3,49.20634920634921,51.36363636363635,1.0,1.6,62.5,52.11893369788106,14.268292682926823,1.3,3.9,5.1,2.0,0.6,0.4,1.8,2.3,12.2,6MOY-11,2005-06,1,0,1,0,0,0,1
Bobby Jackson,32.0,MEM,71.0,15.0,25.0,4.0,10.5,38.095238095238095,1.8,4.7,38.297872340425535,2.2,5.9,37.28813559322034,46.66666666666666,1.5,2.1,71.42857142857143,49.89495798319329,13.521126760563376,0.6,2.5,3.1,2.7,0.9,0.0,1.4,2.2,11.4,6MOY-16,2005-06,1,0,0,1,0,0,1
Devin Harris,22.0,DAL,56.0,4.0,22.8,3.4,7.2,47.22222222222222,0.1,0.4,25.0,3.3,6.9,47.826086956521735,47.91666666666666,3.0,4.2,71.42857142857143,54.70822281167109,17.857142857142858,0.5,1.8,2.2,3.2,0.9,0.3,1.5,2.2,9.9,6MOY-20,2005-06,1,0,0,1,0,0,1
Eddie House,27.0,PHO,81.0,0.0,17.5,4.0,9.4,42.5531914893617,1.5,3.9,38.46153846153847,2.4,5.5,43.63636363636363,50.53191489361703,0.4,0.5,80.0,50.935550935550935,9.135802469135802,0.2,1.4,1.6,1.8,0.5,0.1,0.9,1.2,9.8,6MOY-13,2005-06,1,0,0,1,0,0,0
Danny Granger,22.0,IND,78.0,17.0,22.6,2.8,6.1,45.90163934426229,0.4,1.2,33.333333333333336,2.4,4.9,48.97959183673469,49.18032786885247,1.5,1.9,78.94736842105263,54.06574394463668,13.333333333333334,1.7,3.2,4.9,1.2,0.7,0.8,1.0,2.7,7.5,"ROY-7,6MOY-16",2005-06,1,0,0,0,1,0,1
Clifford Robinson,39.0,NJN,80.0,13.0,23.3,2.7,6.4,42.1875,0.8,2.2,36.36363636363637,2.0,4.2,47.61904761904761,48.4375,0.7,1.0,70.0,50.43859649122807,9.499999999999998,0.7,2.7,3.3,1.1,0.6,0.5,0.8,2.6,6.9,6MOY-14,2005-06,1,0,1,0,0,0,1
Erick Dampier,30.0,DAL,82.0,36.0,23.6,2.1,4.2,50.0,0.0,0.0,0.0,2.1,4.2,50.0,50.0,1.5,2.6,57.692307692307686,53.33083832335329,13.53658536585366,3.3,4.5,7.8,0.6,0.3,1.3,1.4,3.2,5.7,6MOY-20,2005-06,1,1,0,0,0,0,1
Leandro Barbosa,24.0,PHO,80.0,18.0,32.7,6.6,13.9,47.482014388489205,2.4,5.5,43.63636363636363,4.2,8.4,50.0,56.11510791366906,2.5,2.9,86.20689655172414,59.633632050606224,20.875,0.3,2.4,2.7,4.0,1.2,0.2,1.8,2.6,18.1,6MOY-1,2006-07,1,0,0,0,0,1,1
Manu Ginóbili,29.0,SAS,75.0,36.0,27.5,5.3,11.4,46.49122807017543,1.7,4.3,39.53488372093023,3.6,7.1,50.70422535211267,53.94736842105262,4.3,5.0,86.0,60.66176470588235,23.199999999999992,0.8,3.6,4.4,3.5,1.5,0.4,2.1,2.1,16.5,6MOY-2,2006-07,1,0,0,0,0,1,1
Josh Childress,23.0,ATL,55.0,13.0,36.8,4.7,9.4,50.0,0.5,1.4,35.714285714285715,4.3,8.0,53.75,52.659574468085104,3.0,3.8,78.94736842105263,58.70664739884393,29.63636363636364,2.2,3.9,6.2,2.3,1.1,0.7,1.5,2.1,13.0,6MOY-11,2006-07,1,0,0,0,0,1,0
J.R. Smith,21.0,DEN,63.0,24.0,23.3,4.5,10.2,44.117647058823536,2.4,6.1,39.34426229508197,2.1,4.2,50.0,55.88235294117647,1.6,2.0,80.0,58.66425992779784,16.19047619047619,0.5,1.8,2.3,1.4,0.8,0.1,1.3,2.3,13.0,6MOY-14,2006-07,1,0,0,0,0,1,1
Jerry Stackhouse,32.0,DAL,67.0,8.0,24.1,4.2,9.8,42.85714285714285,0.9,2.4,37.5,3.3,7.3,45.20547945205479,47.44897959183674,2.7,3.2,84.375,53.53319057815846,15.074626865671643,0.6,1.6,2.2,2.8,0.8,0.1,1.7,1.2,12.0,6MOY-3,2006-07,1,0,0,0,1,0,1
José Calderón,25.0,TOR,77.0,11.0,21.0,3.4,6.6,51.51515151515152,0.3,1.0,30.0,3.1,5.6,55.35714285714286,53.78787878787878,1.5,1.9,78.94736842105263,58.49919311457773,14.675324675324678,0.3,1.5,1.7,5.0,0.8,0.1,1.4,1.8,8.7,6MOY-11,2006-07,1,0,0,1,0,0,1
Chris Duhon,24.0,CHI,78.0,30.0,24.4,2.5,6.2,40.32258064516129,1.1,3.1,35.483870967741936,1.4,3.1,45.16129032258064,49.19354838709677,1.0,1.3,76.92307692307692,53.1600708800945,11.666666666666664,0.3,1.9,2.2,4.0,0.9,0.1,1.3,1.9,7.2,6MOY-11,2006-07,1,0,0,1,0,0,1
Manu Ginóbili,30.0,SAS,74.0,23.0,31.1,6.1,13.3,45.86466165413533,2.1,5.3,39.62264150943396,4.0,8.0,50.0,53.75939849624059,5.1,6.0,85.0,61.16687578419071,26.89189189189189,0.9,3.9,4.8,4.5,1.5,0.4,2.7,2.3,19.5,"MVP-10,6MOY-1,NBA3",2007-08,1,0,0,0,0,1,1
Leandro Barbosa,25.0,PHO,82.0,12.0,29.5,5.8,12.5,46.4,2.0,5.1,39.21568627450981,3.8,7.3,52.05479452054794,54.400000000000006,2.1,2.6,80.76923076923077,57.16798592788038,16.46341463414634,0.5,2.3,2.8,2.6,0.9,0.2,1.4,2.4,15.6,6MOY-2,2007-08,1,0,0,0,0,1,1
Jason Terry,30.0,DAL,82.0,34.0,31.5,5.7,12.3,46.34146341463414,1.7,4.4,38.63636363636363,4.1,7.9,51.898734177215175,53.2520325203252,2.3,2.7,85.18518518518518,57.45848161328588,17.560975609756095,0.4,2.2,2.5,3.2,1.1,0.2,1.1,2.1,15.5,6MOY-3,2007-08,1,0,0,0,0,1,1
Rashad McCants,23.0,MIN,75.0,24.0,26.9,5.7,12.6,45.23809523809524,1.9,4.7,40.42553191489361,3.8,7.9,48.1012658227848,52.77777777777778,1.5,2.1,71.42857142857143,55.08725229222125,14.800000000000002,0.7,2.1,2.7,2.2,0.9,0.2,2.3,3.1,14.9,6MOY-14,2007-08,1,0,0,0,0,1,1
Andrés Nocioni,28.0,CHI,82.0,27.0,24.6,4.6,10.7,42.99065420560748,1.5,4.2,35.714285714285715,3.1,6.5,47.69230769230769,50.0,2.4,3.0,80.0,54.90848585690515,13.53658536585366,0.6,3.6,4.2,1.2,0.3,0.5,1.6,3.0,13.2,6MOY-18,2007-08,1,0,0,0,1,0,1
Lou Williams,21.0,PHI,80.0,0.0,23.3,4.0,9.4,42.5531914893617,0.7,1.9,36.84210526315789,3.3,7.5,44.0,46.27659574468084,2.8,3.6,77.77777777777777,52.34887108521485,12.75,0.5,1.6,2.1,3.2,1.0,0.2,1.6,1.6,11.5,6MOY-14,2007-08,1,0,0,1,0,0,1
Linas Kleiza,23.0,DEN,79.0,13.0,23.9,3.9,8.3,46.98795180722891,1.2,3.5,34.285714285714285,2.7,4.8,56.250000000000014,54.21686746987952,2.1,2.7,77.77777777777779,58.49494097807756,14.17721518987342,1.2,3.1,4.2,1.2,0.6,0.2,1.1,2.3,11.1,6MOY-11,2007-08,1,0,0,0,1,0,1
David Lee,24.0,NYK,81.0,29.0,29.1,4.2,7.6,55.26315789473685,0.0,0.0,0.0,4.2,7.6,55.26315789473685,55.26315789473685,2.4,2.9,82.75862068965517,60.83821541234791,20.8641975308642,3.0,6.0,8.9,1.2,0.7,0.4,1.2,2.6,10.8,6MOY-14,2007-08,1,0,1,0,0,0,1
Jerry Stackhouse,33.0,DAL,58.0,13.0,24.3,3.7,9.1,40.65934065934066,1.0,3.2,31.25,2.6,5.9,44.06779661016949,46.15384615384615,2.3,2.6,88.46153846153845,52.22569308863725,15.517241379310343,0.6,1.7,2.3,2.5,0.5,0.2,1.5,1.4,10.7,6MOY-13,2007-08,1,0,0,0,0,1,1
Jarrett Jack,24.0,POR,82.0,16.0,27.2,3.3,7.6,43.42105263157895,0.8,2.3,34.78260869565218,2.5,5.2,48.07692307692307,48.68421052631579,2.6,3.0,86.66666666666667,55.493273542600896,12.68292682926829,0.4,2.5,2.9,3.8,0.7,0.0,2.2,1.6,9.9,6MOY-14,2007-08,1,0,0,0,0,1,1
Jordan Farmar,21.0,LAL,82.0,0.0,20.6,3.5,7.7,45.45454545454545,1.4,3.7,37.83783783783783,2.2,4.0,55.00000000000001,54.54545454545454,0.6,1.0,60.0,55.89680589680589,11.097560975609756,0.5,1.8,2.2,2.7,0.9,0.1,1.3,1.3,9.1,6MOY-11,2007-08,1,0,0,1,0,0,1
Jason Terry,31.0,DAL,74.0,11.0,33.7,7.3,15.8,46.202531645569614,2.3,6.2,37.096774193548384,5.1,9.6,53.125,53.48101265822785,2.7,3.0,90.0,57.242990654205606,22.43243243243243,0.5,1.9,2.4,3.4,1.3,0.3,1.6,1.9,19.6,6MOY-1,2008-09,1,0,0,0,0,1,1
Corey Maggette,29.0,GSW,51.0,19.0,31.1,5.7,12.4,45.96774193548387,0.5,1.9,26.31578947368421,5.3,10.6,50.0,47.983870967741936,6.7,8.1,82.71604938271605,58.256076171385615,32.352941176470594,1.0,4.6,5.5,1.8,0.9,0.2,2.4,3.8,18.6,6MOY-10,2008-09,1,0,1,0,0,0,1
Nate Robinson,24.0,NYK,74.0,11.0,29.9,6.1,13.9,43.88489208633093,1.7,5.2,32.69230769230769,4.4,8.7,50.57471264367817,49.99999999999999,3.4,4.0,85.0,54.91698595146871,22.027027027027025,1.3,2.6,3.9,4.1,1.3,0.1,1.9,2.8,17.2,6MOY-3,2008-09,1,0,0,1,0,0,1
J.R. Smith,23.0,DEN,81.0,18.0,27.7,5.2,11.7,44.44444444444445,2.2,5.6,39.28571428571429,3.0,6.1,49.18032786885247,53.846153846153854,2.5,3.4,73.52941176470588,57.59321006365565,16.79012345679012,0.5,3.1,3.7,2.8,1.0,0.2,1.9,2.3,15.2,6MOY-2,2008-09,1,0,0,0,0,1,1
Leandro Barbosa,26.0,PHO,70.0,11.0,24.4,5.2,10.8,48.14814814814815,1.3,3.4,38.235294117647065,3.9,7.4,52.702702702702695,54.16666666666666,2.4,2.8,85.71428571428572,59.00930851063829,18.714285714285715,0.5,2.1,2.6,2.3,1.2,0.1,1.3,1.6,14.2,6MOY-10,2008-09,1,0,0,0,0,1,1
Michael Beasley,20.0,MIA,81.0,19.0,24.8,5.6,11.8,47.45762711864406,0.4,1.0,40.0,5.2,10.8,48.14814814814815,49.15254237288135,2.3,3.0,76.66666666666666,52.97256097560975,15.925925925925924,1.4,4.1,5.4,1.0,0.5,0.5,1.5,2.3,13.9,"ROY-7,6MOY-17",2008-09,1,0,1,0,0,0,1
Paul Millsap,23.0,UTA,76.0,38.0,30.1,5.3,9.9,53.535353535353536,0.0,0.1,0.0,5.3,9.8,54.08163265306122,53.535353535353536,3.0,4.3,69.76744186046511,57.24219810040706,24.07894736842105,3.3,5.3,8.6,1.8,1.0,1.0,1.7,3.8,13.5,6MOY-17,2008-09,1,0,1,0,0,0,1
Lou Williams,22.0,PHI,81.0,0.0,23.7,4.1,10.4,39.42307692307692,0.8,2.7,29.629629629629623,3.4,7.7,44.15584415584416,43.26923076923077,3.8,4.8,79.16666666666666,51.15089514066496,12.098765432098764,0.4,1.6,2.0,3.0,1.0,0.2,1.9,1.6,12.8,6MOY-10,2008-09,1,0,0,0,0,1,1
Hakim Warrick,26.0,MEM,82.0,7.0,24.7,4.1,8.5,48.23529411764705,0.1,0.3,33.333333333333336,4.1,8.2,50.0,48.823529411764696,3.2,4.6,69.56521739130436,55.11212466742683,14.024390243902443,1.6,3.4,5.0,0.8,0.6,0.5,1.2,2.1,11.6,6MOY-17,2008-09,1,0,1,0,0,0,1
Kirk Hinrich,28.0,CHI,51.0,4.0,26.3,3.6,8.2,43.90243902439025,1.4,3.3,42.42424242424242,2.2,4.9,44.89795918367347,52.4390243902439,1.3,1.7,76.47058823529413,55.31962449709433,21.96078431372549,0.3,2.1,2.4,3.9,1.3,0.4,1.7,2.5,9.9,6MOY-14,2008-09,1,0,0,0,0,1,1
Trevor Ariza,23.0,LAL,82.0,20.0,24.4,3.3,7.3,45.20547945205479,0.7,2.3,30.434782608695656,2.6,4.9,53.06122448979592,50.0,1.5,2.1,71.42857142857143,54.10992217898832,13.78048780487805,1.4,2.9,4.3,1.8,1.7,0.3,1.1,2.0,8.9,"DPOY-16,6MOY-17",2008-09,1,0,0,0,1,0,1
James Posey,32.0,NOH,75.0,0.0,28.5,2.9,7.0,41.42857142857142,1.5,4.2,35.714285714285715,1.3,2.8,46.42857142857144,52.142857142857146,1.6,1.9,84.21052631578948,56.78917815211842,13.866666666666664,0.5,4.3,4.8,1.1,0.8,0.3,1.1,2.9,8.9,6MOY-16,2008-09,1,0,0,0,0,1,1
Eddie House,30.0,BOS,81.0,0.0,18.3,3.1,6.9,44.927536231884055,1.9,4.2,45.238095238095234,1.2,2.7,44.44444444444444,58.69565217391304,0.5,0.7,71.42857142857143,58.9622641509434,9.506172839506172,0.1,1.8,1.9,1.1,0.8,0.1,0.7,1.4,8.5,6MOY-13,2008-09,1,0,0,1,0,0,0
Jason Kapono,27.0,TOR,80.0,12.0,22.9,3.3,7.6,43.42105263157895,1.2,2.9,41.37931034482759,2.0,4.7,42.5531914893617,51.31578947368421,0.4,0.5,80.0,52.42966751918159,8.125000000000002,0.3,1.7,2.0,1.3,0.3,0.0,0.9,1.8,8.2,6MOY-15,2008-09,1,0,0,0,0,1,1
Jamal Crawford,29.0,ATL,79.0,0.0,31.1,6.3,14.0,45.0,2.1,5.4,38.88888888888889,4.2,8.6,48.83720930232558,52.5,3.4,4.0,85.0,57.10659898477157,18.35443037974684,0.4,2.1,2.5,3.0,0.8,0.2,1.7,1.7,18.0,6MOY-1,2009-10,1,0,0,0,0,1,1
Al Harrington,29.0,NYK,72.0,15.0,30.5,6.2,14.3,43.35664335664335,1.9,5.7,33.33333333333333,4.3,8.6,50.0,50.0,3.3,4.4,74.99999999999999,54.50849963045085,20.972222222222207,1.2,4.4,5.6,1.5,0.9,0.4,1.8,2.9,17.7,6MOY-11,2009-10,1,0,1,0,0,0,1
Jason Terry,32.0,DAL,77.0,12.0,33.0,5.9,13.5,43.7037037037037,1.8,4.8,37.5,4.2,8.7,48.27586206896552,50.37037037037037,3.0,3.5,85.71428571428571,55.18617021276596,18.31168831168831,0.2,1.6,1.8,3.8,1.2,0.2,1.4,1.8,16.6,6MOY-2,2009-10,1,0,0,0,0,1,1
Marcus Thornton,22.0,NOH,73.0,17.0,25.6,5.5,12.1,45.45454545454546,1.6,4.3,37.2093023255814,3.8,7.8,48.71794871794872,52.066115702479344,2.0,2.4,83.33333333333334,55.10793554271815,16.43835616438356,1.0,1.9,2.9,1.6,0.8,0.2,1.0,1.7,14.5,6MOY-10,2009-10,1,0,0,0,0,1,1
Kevin Love,21.0,MIN,60.0,22.0,28.6,4.9,10.8,45.37037037037037,0.6,1.8,33.33333333333333,4.3,9.0,47.77777777777777,48.14814814814815,3.8,4.6,82.6086956521739,54.585152838427945,32.83333333333333,3.8,7.2,11.0,2.3,0.7,0.4,2.0,2.3,14.0,6MOY-11,2009-10,1,0,1,0,0,0,1
Kyle Lowry,23.0,HOU,68.0,0.0,24.3,2.7,6.8,39.70588235294118,0.5,2.0,25.0,2.2,4.8,45.833333333333336,43.38235294117647,3.2,3.8,84.21052631578948,53.7063267233239,17.35294117647059,1.3,2.3,3.6,4.5,0.9,0.1,1.7,2.5,9.1,6MOY-11,2009-10,1,0,0,1,0,0,1
Anderson Varejão,27.0,CLE,76.0,7.0,28.5,3.5,6.1,57.37704918032788,0.0,0.1,0.0,3.5,6.1,57.37704918032788,57.37704918032788,1.5,2.3,65.21739130434783,60.461192350956125,19.473684210526315,2.5,5.1,7.6,1.1,0.9,0.9,0.9,2.9,8.6,"DPOY-9,6MOY-3",2009-10,1,0,1,0,0,0,1
Jared Dudley,24.0,PHO,82.0,1.0,24.3,2.7,6.0,45.0,1.5,3.2,46.875,1.3,2.8,46.42857142857144,57.50000000000001,1.3,1.7,76.47058823529413,60.75874333135744,11.829268292682924,1.2,2.2,3.4,1.4,1.0,0.2,0.8,2.0,8.2,6MOY-11,2009-10,1,0,0,0,1,0,1
Jason Terry,33.0,DAL,82.0,10.0,31.3,6.0,13.3,45.11278195488722,1.5,4.3,34.88372093023256,4.5,9.0,50.0,50.751879699248114,2.2,2.6,84.61538461538461,54.69399058432567,16.34146341463414,0.3,1.6,1.9,4.1,1.1,0.2,2.0,1.7,15.8,6MOY-2,2010-11,1,0,0,0,0,1,1
Lamar Odom,31.0,LAL,82.0,35.0,32.2,5.8,10.9,53.21100917431192,0.8,2.2,36.36363636363637,4.9,8.7,56.32183908045978,56.88073394495413,2.0,3.0,66.66666666666666,58.91980360065466,23.902439024390247,2.1,6.5,8.7,3.0,0.6,0.7,1.7,2.4,14.4,6MOY-1,2010-11,1,0,1,0,0,0,1
Thaddeus Young,22.0,PHI,82.0,1.0,26.0,5.6,10.3,54.36893203883495,0.1,0.3,33.333333333333336,5.5,10.1,54.45544554455446,54.85436893203882,1.5,2.1,71.42857142857143,56.5751960085531,16.951219512195127,1.9,3.4,5.3,1.0,1.1,0.3,1.2,2.1,12.7,6MOY-3,2010-11,1,0,1,0,0,0,1
J.R. Smith,25.0,DEN,79.0,6.0,24.9,4.3,9.9,43.43434343434343,1.6,4.0,40.0,2.7,5.9,45.76271186440678,51.51515151515152,2.1,2.8,75.00000000000001,55.246137261947545,15.696202531645564,0.6,3.5,4.1,2.2,1.2,0.2,1.3,2.2,12.3,6MOY-10,2010-11,1,0,0,0,1,0,1
Ty Lawson,23.0,DEN,80.0,31.0,26.3,4.3,8.6,50.0,0.9,2.1,42.85714285714285,3.5,6.5,53.84615384615385,55.23255813953488,2.2,2.8,78.57142857142858,59.49959316517494,16.875,0.8,1.8,2.6,4.7,1.0,0.1,1.7,1.7,11.7,6MOY-11,2010-11,1,0,0,1,0,0,1
O.J. Mayo,23.0,MEM,71.0,17.0,26.3,4.3,10.5,40.95238095238095,1.4,3.7,37.83783783783783,2.9,6.8,42.64705882352941,47.61904761904761,1.4,1.8,77.77777777777777,50.03542330853702,12.816901408450706,0.5,1.9,2.4,2.0,1.0,0.4,1.4,1.8,11.3,6MOY-11,2010-11,1,0,0,0,0,1,1
Toney Douglas,24.0,NYK,81.0,9.0,24.3,3.9,9.3,41.93548387096774,1.8,4.7,38.297872340425535,2.1,4.6,45.65217391304349,51.61290322580645,1.0,1.3,76.92307692307692,53.6871961102107,13.456790123456791,0.8,2.2,3.0,3.0,1.1,0.0,1.1,2.2,10.6,6MOY-14,2010-11,1,0,0,0,0,1,1
JJ Redick,26.0,ORL,59.0,5.0,25.6,3.3,7.6,43.42105263157895,1.5,3.7,40.54054054054054,1.9,3.9,48.71794871794872,53.289473684210535,1.9,2.2,86.36363636363636,58.940242763772176,14.915254237288131,0.1,1.8,1.9,1.7,0.5,0.1,0.9,1.4,10.1,6MOY-15,2010-11,1,0,0,0,0,1,1
Tony Allen,29.0,MEM,72.0,31.0,20.8,3.5,6.8,51.47058823529412,0.1,0.3,33.333333333333336,3.4,6.5,52.30769230769232,52.20588235294118,1.9,2.5,76.0,56.32911392405063,14.30555555555556,1.0,1.7,2.7,1.4,1.8,0.6,1.2,2.2,8.9,"DPOY-4,6MOY-11",2010-11,1,0,0,0,0,1,1
Matt Bonner,30.0,SAS,66.0,1.0,21.7,2.6,5.6,46.42857142857144,1.6,3.5,45.71428571428572,1.0,2.1,47.61904761904761,60.71428571428572,0.5,0.7,71.42857142857143,61.7806364251862,13.484848484848488,0.9,2.7,3.6,0.9,0.4,0.3,0.4,1.7,7.3,6MOY-15,2010-11,1,0,1,0,0,0,1
James Harden,22.0,OKC,62.0,2.0,31.4,5.0,10.1,49.50495049504951,1.8,4.7,38.297872340425535,3.1,5.4,57.407407407407405,58.41584158415842,5.0,6.0,83.33333333333334,65.93406593406593,28.225806451612893,0.5,3.6,4.1,3.7,1.0,0.2,2.2,2.4,16.8,6MOY-1,2011-12,1,0,0,0,0,1,1
Jason Terry,34.0,DAL,63.0,1.0,31.7,5.7,13.2,43.18181818181819,2.2,5.8,37.93103448275863,3.5,7.4,47.2972972972973,51.51515151515152,1.6,1.8,88.8888888888889,53.95940537449972,20.31746031746032,0.3,2.1,2.4,3.6,1.2,0.2,2.0,1.1,15.1,6MOY-3,2011-12,1,0,0,0,0,1,1
Lou Williams,25.0,PHI,64.0,0.0,26.3,5.0,12.2,40.98360655737705,1.3,3.6,36.11111111111111,3.7,8.6,43.02325581395349,46.31147540983607,3.7,4.6,80.43478260869567,52.376265466816655,19.843750000000007,0.5,2.0,2.4,3.5,0.8,0.3,1.1,1.4,14.9,6MOY-2,2011-12,1,0,0,1,0,0,1
Jamal Crawford,31.0,POR,60.0,6.0,26.9,4.7,12.3,38.21138211382114,1.3,4.3,30.232558139534888,3.4,8.0,42.5,43.4959349593496,3.2,3.4,94.11764705882354,50.73934473760509,17.66666666666666,0.3,1.7,2.0,3.2,0.9,0.2,1.9,1.2,14.0,6MOY-11,2011-12,1,0,0,1,0,0,1
Carl Landry,28.0,NOH,41.0,8.0,24.4,4.4,8.8,50.0,0.0,0.1,0.0,4.4,8.8,50.0,50.0,3.6,4.5,80.0,57.97773654916512,30.0,1.9,3.3,5.2,0.9,0.3,0.3,1.6,2.2,12.5,6MOY-11,2011-12,1,0,1,0,0,0,0
J.R. Smith,26.0,NYK,35.0,1.0,27.6,4.7,11.6,40.51724137931035,1.9,5.5,34.54545454545455,2.8,6.1,45.90163934426229,48.70689655172414,1.1,1.6,68.75,50.79648894668401,33.71428571428571,0.8,3.1,3.9,2.4,1.5,0.2,1.3,2.5,12.5,6MOY-18,2011-12,1,0,0,0,0,1,0
Mike Dunleavy,31.0,MIL,55.0,3.0,26.3,4.3,9.2,46.73913043478261,1.5,3.8,39.47368421052632,2.8,5.4,51.85185185185185,54.891304347826086,2.1,2.6,80.76923076923077,59.454756380510446,22.18181818181819,0.5,3.2,3.7,2.1,0.5,0.1,1.1,1.6,12.3,6MOY-15,2011-12,1,0,0,0,1,0,1
Zach Randolph,30.0,MEM,28.0,8.0,26.3,4.7,10.2,46.07843137254902,0.1,0.3,33.333333333333336,4.6,9.9,46.46464646464646,46.5686274509804,2.1,3.1,67.74193548387098,50.15565548253199,51.07142857142858,2.8,5.3,8.0,1.7,0.8,0.1,1.4,2.0,11.6,6MOY-11,2011-12,1,0,1,0,0,0,0
Gary Neal,27.0,SAS,56.0,7.0,21.5,3.8,8.7,43.67816091954023,1.5,3.5,42.85714285714285,2.3,5.1,45.09803921568628,52.29885057471264,0.9,1.1,81.81818181818181,53.89808362369338,15.0,0.2,1.9,2.1,2.1,0.5,0.0,1.1,1.3,9.9,6MOY-15,2011-12,1,0,0,0,0,1,1
Andre Miller,35.0,DEN,66.0,7.0,27.4,3.7,8.4,44.04761904761904,0.3,1.3,23.07692307692308,3.4,7.1,47.887323943661976,45.83333333333333,2.1,2.6,80.76923076923077,50.81726739312656,19.54545454545455,0.8,2.5,3.3,6.7,1.0,0.1,2.7,2.0,9.7,6MOY-18,2011-12,1,0,0,0,0,1,1
C.J. Watson,27.0,CHI,49.0,25.0,23.7,3.3,8.9,37.07865168539325,1.4,3.5,40.0,1.9,5.4,35.18518518518518,44.9438202247191,1.7,2.1,80.95238095238095,49.36889250814332,18.3673469387755,0.4,1.7,2.1,4.1,0.9,0.2,2.0,2.1,9.7,6MOY-11,2011-12,1,0,0,1,0,0,0
George Hill,25.0,IND,50.0,9.0,25.5,3.4,7.6,44.73684210526316,1.1,2.9,37.93103448275863,2.3,4.7,48.93617021276595,51.97368421052632,1.8,2.3,78.26086956521739,55.7361820715281,21.800000000000004,0.6,2.4,3.0,2.9,0.8,0.3,1.0,2.0,9.6,6MOY-18,2011-12,1,0,0,1,0,0,1
Tyler Hansbrough,26.0,IND,66.0,0.0,21.8,2.9,7.3,39.72602739726028,0.0,0.0,0.0,2.9,7.2,40.27777777777777,39.72602739726028,3.4,4.2,80.95238095238095,50.83078268473984,13.484848484848486,1.7,2.7,4.4,0.5,0.8,0.1,1.0,2.4,9.3,6MOY-15,2011-12,1,0,1,0,0,0,1
Kyle Korver,30.0,CHI,65.0,7.0,22.6,2.7,6.3,42.85714285714286,1.8,4.2,42.85714285714285,0.9,2.2,40.90909090909091,57.14285714285715,0.8,1.0,80.0,60.08902077151335,12.92307692307692,0.4,2.0,2.4,1.7,0.6,0.2,0.8,1.7,8.1,6MOY-10,2011-12,1,0,0,0,0,1,1
J.R. Smith,27.0,NYK,80.0,0.0,33.5,6.6,15.6,42.30769230769231,1.9,5.5,34.54545454545455,4.7,10.2,46.07843137254902,48.3974358974359,3.0,3.9,76.92307692307693,52.26380226380228,20.125000000000007,0.8,4.5,5.3,2.7,1.3,0.3,1.7,2.8,18.1,6MOY-1,2012-13,1,0,0,0,0,1,1
Jamal Crawford,32.0,LAC,76.0,0.0,29.3,5.9,13.4,44.02985074626866,2.0,5.2,38.46153846153846,3.9,8.2,47.5609756097561,51.49253731343284,2.8,3.3,84.84848484848484,55.5480743334231,15.789473684210522,0.3,1.4,1.7,2.5,1.0,0.2,1.9,0.9,16.5,6MOY-2,2012-13,1,0,0,0,0,1,1
Ramon Sessions,26.0,CHA,61.0,0.0,27.1,4.5,11.1,40.54054054054054,0.5,1.8,27.77777777777778,4.0,9.3,43.01075268817204,42.7927927927928,4.8,5.7,84.21052631578947,52.9100529100529,20.819672131147545,0.4,2.3,2.8,3.8,0.8,0.1,1.7,1.5,14.4,6MOY-12,2012-13,1,0,0,0,0,1,1
JJ Redick,28.0,2TM,78.0,13.0,30.5,4.9,11.3,43.36283185840708,2.1,5.8,36.206896551724135,2.8,5.5,50.90909090909091,52.65486725663716,2.2,2.4,91.66666666666669,57.0573000971188,15.769230769230772,0.2,2.0,2.2,3.8,0.5,0.1,1.8,1.5,14.1,6MOY-14,2012-13,1,0,0,0,0,1,1
Gordon Hayward,22.0,UTA,72.0,27.0,29.2,4.7,10.7,43.925233644859816,1.4,3.4,41.17647058823529,3.3,7.3,45.20547945205479,50.46728971962617,3.4,4.1,82.92682926829269,56.38195777351248,18.194444444444446,0.7,2.4,3.1,3.0,0.8,0.5,1.7,1.7,14.1,6MOY-14,2012-13,1,0,0,0,1,0,1
Vince Carter,36.0,DAL,81.0,3.0,25.8,4.6,10.6,43.39622641509433,2.0,4.9,40.81632653061224,2.6,5.6,46.42857142857144,52.83018867924528,2.2,2.8,78.57142857142858,56.62609871534821,16.543209876543205,0.7,3.4,4.1,2.4,0.9,0.5,1.3,2.8,13.4,6MOY-14,2012-13,1,0,0,0,1,0,1
Jarrett Jack,29.0,GSW,79.0,4.0,29.7,4.9,10.8,45.37037037037037,1.0,2.6,38.46153846153846,3.9,8.3,46.98795180722891,50.0,2.1,2.5,84.00000000000001,54.20168067226891,17.9746835443038,0.3,2.8,3.1,5.6,0.8,0.1,2.0,1.7,12.9,6MOY-3,2012-13,1,0,0,0,0,1,1
Shane Battier,34.0,MIA,72.0,20.0,24.8,2.1,5.0,42.00000000000001,1.9,4.4,43.18181818181818,0.2,0.6,33.333333333333336,61.0,0.4,0.5,80.0,63.2183908045977,10.833333333333332,0.5,1.8,2.3,1.0,0.6,0.8,0.5,2.1,6.6,6MOY-12,2012-13,1,0,0,0,1,0,1
Luke Babbitt,23.0,POR,62.0,0.0,11.8,1.4,3.8,36.84210526315789,1.0,2.9,34.48275862068966,0.4,0.9,44.44444444444445,50.0,0.2,0.2,100.0,50.15432098765432,6.61290322580645,0.2,2.0,2.2,0.5,0.2,0.1,0.4,1.3,3.9,6MOY-14,2012-13,1,0,1,0,0,0,0
Jamal Crawford,33.0,LAC,69.0,24.0,30.3,6.1,14.7,41.49659863945578,2.3,6.5,35.38461538461538,3.8,8.2,46.34146341463415,49.31972789115647,4.0,4.7,85.1063829787234,55.46278625954199,20.144927536231886,0.5,1.8,2.3,3.2,0.9,0.2,2.0,1.7,18.6,6MOY-1,2013-14,1,0,0,0,0,1,1
Taj Gibson,28.0,CHI,82.0,8.0,28.7,5.2,10.9,47.70642201834863,0.0,0.1,0.0,5.2,10.8,48.14814814814815,47.70642201834863,2.6,3.4,76.47058823529413,52.43626976444013,17.682926829268293,2.4,4.4,6.8,1.1,0.5,1.4,1.8,2.5,13.0,6MOY-2,2013-14,1,0,1,0,0,0,1
Manu Ginóbili,36.0,SAS,68.0,3.0,22.8,4.3,9.2,46.73913043478261,1.3,3.8,34.21052631578947,3.0,5.4,55.55555555555555,53.80434782608696,2.4,2.8,85.71428571428572,58.95322085889572,20.000000000000004,0.4,2.5,3.0,4.3,1.0,0.3,2.0,1.9,12.3,6MOY-3,2013-14,1,0,0,0,0,1,1
Marco Belinelli,27.0,SAS,80.0,25.0,25.2,4.2,8.7,48.27586206896552,1.6,3.7,43.24324324324324,2.6,5.0,52.0,57.4712643678161,1.4,1.6,87.49999999999999,60.612505316886434,14.000000000000004,0.2,2.6,2.8,2.2,0.6,0.1,1.2,1.6,11.4,6MOY-11,2013-14,1,0,0,0,1,0,1
Andray Blatche,27.0,BRK,73.0,7.0,22.2,4.4,9.2,47.82608695652175,0.2,0.7,28.571428571428577,4.2,8.5,49.41176470588236,48.91304347826088,2.2,3.0,73.33333333333334,53.2319391634981,16.986301369863018,1.6,3.7,5.3,1.5,1.0,0.5,1.5,2.3,11.2,6MOY-13,2013-14,1,0,1,0,0,0,1
Tim Hardaway Jr.,21.0,NYK,81.0,1.0,23.1,3.6,8.5,42.35294117647059,1.6,4.4,36.36363636363637,2.0,4.1,48.78048780487806,51.76470588235295,1.3,1.6,81.25,55.41069100391134,9.012345679012345,0.2,1.3,1.5,0.8,0.5,0.1,0.6,1.8,10.2,"ROY-5,6MOY-13",2013-14,1,0,0,0,0,1,1
Patty Mills,25.0,SAS,81.0,2.0,18.9,3.8,8.2,46.34146341463415,1.7,3.9,43.58974358974359,2.1,4.3,48.83720930232558,56.70731707317073,0.9,1.0,90.0,59.02777777777778,11.97530864197531,0.4,1.7,2.1,1.8,0.8,0.1,0.8,1.4,10.2,6MOY-13,2013-14,1,0,0,1,0,0,0
Mo Williams,31.0,POR,74.0,0.0,24.8,3.8,9.1,41.75824175824176,1.1,3.0,36.66666666666667,2.7,6.0,45.0,47.8021978021978,1.1,1.2,91.66666666666669,50.37390943082675,12.837837837837837,0.6,1.5,2.1,4.3,0.7,0.1,2.0,2.7,9.7,6MOY-13,2013-14,1,0,0,1,0,0,1
Greivis Vásquez,27.0,2TM,79.0,23.0,22.5,3.5,8.3,42.16867469879518,1.4,3.7,37.83783783783783,2.1,4.7,44.680851063829785,50.60240963855421,1.2,1.4,85.71428571428572,53.835800807537005,12.405063291139244,0.3,1.9,2.2,4.1,0.4,0.1,1.6,1.8,9.6,6MOY-13,2013-14,1,0,0,1,0,0,1
Timofey Mozgov,27.0,DEN,82.0,30.0,21.6,3.5,6.6,53.03030303030303,0.0,0.3,0.0,3.4,6.4,53.125,53.03030303030303,2.4,3.2,74.99999999999999,58.6913086913087,15.487804878048784,2.1,4.4,6.4,0.8,0.3,1.2,1.5,2.6,9.4,6MOY-13,2013-14,1,1,0,0,0,0,1
Chris Andersen,35.0,MIA,72.0,0.0,19.4,2.5,3.8,65.78947368421053,0.0,0.2,0.0,2.4,3.7,64.86486486486486,65.78947368421053,1.7,2.3,73.91304347826087,68.5785536159601,15.694444444444446,1.8,3.5,5.3,0.3,0.4,1.3,0.7,2.3,6.6,6MOY-11,2013-14,1,1,0,0,0,0,0
Isaiah Thomas,25.0,2TM,67.0,1.0,25.8,5.0,11.9,42.01680672268908,1.9,5.2,36.53846153846153,3.1,6.7,46.26865671641791,50.0,4.5,5.2,86.53846153846153,57.79531998872286,21.194029850746272,0.5,1.8,2.3,4.2,0.9,0.1,2.1,2.2,16.4,6MOY-2,2014-15,1,0,0,1,0,0,1
Jamal Crawford,34.0,LAC,64.0,4.0,26.6,5.2,13.1,39.694656488549626,1.9,5.7,33.33333333333333,3.3,7.4,44.59459459459459,46.94656488549619,3.5,3.9,89.74358974358975,53.32073434125271,18.125,0.3,1.7,1.9,2.5,0.9,0.2,1.4,1.7,15.8,6MOY-3,2014-15,1,0,0,0,0,1,1
Lou Williams,28.0,TOR,80.0,0.0,25.2,4.7,11.6,40.51724137931035,1.9,5.6,33.92857142857143,2.8,6.0,46.66666666666666,48.70689655172414,4.3,4.9,87.75510204081631,56.33905205001454,14.875000000000002,0.3,1.6,1.9,2.1,1.1,0.1,1.3,1.3,15.5,6MOY-1,2014-15,1,0,0,0,0,1,1
Aaron Brooks,30.0,CHI,82.0,21.0,23.0,4.2,10.0,42.00000000000001,1.5,3.8,39.47368421052632,2.7,6.1,44.26229508196722,49.5,1.8,2.1,85.71428571428571,53.09410472354449,11.829268292682924,0.4,1.6,2.0,3.2,0.7,0.2,1.9,2.3,11.6,6MOY-11,2014-15,1,0,0,1,0,0,1
Anthony Morrow,29.0,OKC,74.0,0.0,24.4,3.9,8.3,46.98795180722891,1.9,4.4,43.18181818181818,1.9,3.9,48.71794871794872,58.43373493975903,1.1,1.2,91.66666666666669,60.6026280018124,13.378378378378375,0.5,2.1,2.6,0.8,0.7,0.1,0.5,1.8,10.7,6MOY-11,2014-15,1,0,0,0,0,1,1
Taj Gibson,29.0,CHI,62.0,17.0,27.3,4.1,8.2,50.0,0.0,0.0,0.0,4.1,8.2,50.0,50.0,2.1,3.0,70.0,54.09663865546219,21.61290322580646,2.6,3.8,6.4,1.1,0.6,1.2,1.2,2.6,10.3,6MOY-10,2014-15,1,0,1,0,0,0,1
Dennis Schröder,21.0,ATL,77.0,10.0,19.7,3.7,8.6,43.02325581395349,0.7,1.9,36.84210526315789,3.0,6.7,44.776119402985074,47.093023255813954,1.9,2.3,82.6086956521739,52.01831044527674,12.5974025974026,0.4,1.8,2.1,4.1,0.6,0.1,1.9,1.6,10.0,6MOY-11,2014-15,1,0,0,1,0,0,0
Chris Kaman,32.0,POR,74.0,13.0,18.9,3.8,7.4,51.35135135135135,0.0,0.0,0.0,3.8,7.4,51.35135135135135,51.35135135135135,1.0,1.4,71.42857142857143,53.64271457085829,15.4054054054054,2.0,4.5,6.5,0.9,0.2,0.7,1.5,1.9,8.6,6MOY-11,2014-15,1,1,0,0,0,0,0
Jrue Holiday,25.0,NOP,65.0,23.0,28.2,6.3,14.4,43.75,1.3,4.0,32.5,5.0,10.4,48.07692307692307,48.26388888888889,2.8,3.3,84.84848484848484,52.990158970476905,25.076923076923077,0.4,2.6,3.0,6.0,1.4,0.3,2.6,2.3,16.8,6MOY-16,2015-16,1,0,0,1,0,0,1
Jamal Crawford,35.0,LAC,79.0,5.0,26.9,4.8,11.9,40.33613445378151,1.5,4.4,34.090909090909086,3.3,7.5,44.0,46.63865546218487,3.1,3.4,91.1764705882353,53.000895789788,13.164556962025312,0.3,1.6,1.8,2.3,0.7,0.2,1.4,1.5,14.2,6MOY-1,2015-16,1,0,0,0,0,1,1
Darren Collison,28.0,SAC,74.0,15.0,30.0,5.1,10.5,48.57142857142856,1.2,2.9,41.37931034482759,3.9,7.6,51.31578947368421,54.285714285714285,2.6,3.1,83.87096774193549,59.00202292650033,18.918918918918923,0.4,1.9,2.3,4.3,1.0,0.1,1.8,1.9,14.0,6MOY-15,2015-16,1,0,0,1,0,0,1
Zach LaVine,20.0,MIN,82.0,33.0,28.0,5.3,11.7,45.2991452991453,1.5,3.9,38.46153846153847,3.8,7.8,48.71794871794872,51.70940170940172,2.0,2.5,80.0,54.6875,14.756097560975617,0.3,2.5,2.8,3.1,0.8,0.2,1.9,2.4,14.0,6MOY-14,2015-16,1,0,0,0,0,1,1
Enes Freedom,23.0,OKC,82.0,1.0,21.0,5.0,8.8,56.81818181818181,0.1,0.3,33.333333333333336,4.9,8.5,57.64705882352942,57.386363636363626,2.4,3.1,77.41935483870968,62.47540338449428,19.51219512195121,3.0,5.1,8.1,0.4,0.3,0.4,1.4,2.0,12.7,6MOY-3,2015-16,1,1,0,0,0,0,1
Mirza Teletović,30.0,PHO,79.0,1.0,21.3,4.2,9.8,42.85714285714285,2.3,5.8,39.655172413793096,1.9,4.0,47.5,54.59183673469386,1.5,2.0,75.0,57.11610486891384,13.41772151898734,0.7,3.1,3.8,1.1,0.4,0.3,1.1,2.0,12.2,6MOY-16,2015-16,1,0,1,0,0,0,1
J.J. Barea,31.0,DAL,74.0,16.0,22.5,4.3,9.6,44.79166666666667,1.4,3.5,40.0,2.9,6.1,47.54098360655738,52.083333333333336,1.0,1.3,76.92307692307692,53.57845064883995,14.054054054054053,0.4,1.7,2.1,4.1,0.4,0.0,1.5,1.5,10.9,6MOY-12,2015-16,1,0,0,1,0,0,1
Allen Crabbe,23.0,POR,81.0,8.0,26.0,3.8,8.4,45.238095238095234,1.4,3.5,40.0,2.5,4.9,51.02040816326531,53.57142857142857,1.2,1.4,85.71428571428572,57.12067435669921,11.85185185185185,0.3,2.3,2.7,1.2,0.8,0.2,0.8,2.4,10.3,6MOY-16,2015-16,1,0,0,0,0,1,1
Tristan Thompson,24.0,CLE,82.0,34.0,27.7,3.0,5.1,58.82352941176471,0.0,0.0,0.0,3.0,5.1,58.82352941176471,58.82352941176471,1.8,3.0,60.0,60.74766355140186,17.92682926829269,3.3,5.7,9.0,0.8,0.5,0.6,0.7,2.5,7.8,6MOY-10,2015-16,1,0,1,0,0,0,1
Andre Iguodala,32.0,GSW,65.0,1.0,26.6,2.7,5.7,47.36842105263158,0.8,2.4,33.333333333333336,1.9,3.3,57.57575757575758,54.38596491228071,0.8,1.3,61.53846153846154,55.80357142857143,17.07692307692308,0.8,3.2,4.0,3.4,1.1,0.3,1.2,1.6,7.0,6MOY-2,2015-16,1,0,0,0,1,0,1
Patrick Patterson,26.0,TOR,79.0,0.0,25.6,2.6,6.2,41.935483870967744,1.3,3.7,35.13513513513514,1.2,2.5,48.0,52.41935483870967,0.4,0.4,100.0,54.10915934755332,11.51898734177215,1.0,3.4,4.3,1.2,0.7,0.4,0.8,1.6,6.9,6MOY-16,2015-16,1,0,1,0,0,0,1
Boris Diaw,33.0,SAS,76.0,4.0,18.2,2.7,5.0,54.0,0.3,0.9,33.33333333333333,2.3,4.1,56.09756097560976,57.00000000000001,0.7,1.0,70.0,58.82352941176471,11.18421052631579,0.8,2.3,3.1,2.3,0.3,0.3,1.3,1.3,6.4,6MOY-12,2015-16,1,0,1,0,0,0,0
Shaun Livingston,30.0,GSW,78.0,3.0,19.5,2.6,4.9,53.06122448979592,0.0,0.2,0.0,2.6,4.7,55.319148936170215,53.06122448979592,1.0,1.2,83.33333333333334,58.03242446573322,11.538461538461538,0.5,1.6,2.2,3.0,0.7,0.3,1.0,1.8,6.3,6MOY-11,2015-16,1,0,0,1,0,0,0
Lou Williams,30.0,2TM,81.0,1.0,24.6,5.3,12.3,43.08943089430894,2.0,5.5,36.36363636363637,3.3,6.8,48.52941176470589,51.21951219512195,5.0,5.6,89.28571428571429,59.265781630994304,18.024691358024693,0.3,2.2,2.5,3.0,1.0,0.2,2.0,1.1,17.5,6MOY-3,2016-17,1,0,0,0,0,1,1
Eric Gordon,28.0,HOU,75.0,15.0,31.0,5.5,13.5,40.74074074074074,3.3,8.8,37.49999999999999,2.2,4.7,46.80851063829788,52.96296296296297,2.0,2.3,86.95652173913044,55.81587651598676,16.799999999999997,0.4,2.3,2.7,2.5,0.6,0.5,1.6,2.0,16.2,6MOY-1,2016-17,1,0,0,0,0,1,1
Tim Hardaway Jr.,24.0,ATL,79.0,30.0,27.3,5.3,11.5,46.08695652173913,1.9,5.3,35.84905660377358,3.4,6.3,53.96825396825397,54.34782608695652,2.1,2.7,77.77777777777779,57.140605296343,15.69620253164557,0.4,2.4,2.8,2.3,0.7,0.2,1.3,1.3,14.5,6MOY-10,2016-17,1,0,0,0,0,1,1
Tyler Johnson,24.0,MIA,73.0,0.0,29.8,4.9,11.3,43.36283185840708,1.3,3.4,38.235294117647065,3.6,7.9,45.56962025316456,49.115044247787615,2.7,3.5,77.14285714285715,53.34890965732088,19.58904109589041,0.7,3.3,4.0,3.2,1.2,0.6,1.2,2.4,13.7,6MOY-11,2016-17,1,0,0,1,0,0,1
Malcolm Brogdon,24.0,MIL,75.0,28.0,26.4,3.9,8.5,45.88235294117647,1.0,2.6,38.46153846153846,2.8,5.9,47.45762711864406,51.76470588235295,1.5,1.7,88.23529411764706,55.14705882352941,16.26666666666667,0.6,2.2,2.8,4.2,1.1,0.2,1.5,1.9,10.2,"ROY-1,6MOY-11",2016-17,1,0,0,0,0,1,1
Vince Carter,40.0,MEM,73.0,15.0,24.6,2.6,6.7,38.80597014925373,1.5,4.1,36.585365853658544,1.1,2.7,40.74074074074075,50.0,1.2,1.6,74.99999999999999,54.02485143165856,12.328767123287673,0.5,2.6,3.1,1.8,0.8,0.5,0.7,2.2,8.0,6MOY-11,2016-17,1,0,0,0,1,0,1
Andre Iguodala,33.0,GSW,76.0,0.0,26.3,2.9,5.5,52.72727272727272,0.8,2.3,34.78260869565218,2.0,3.1,64.51612903225806,60.0,0.9,1.3,69.23076923076923,62.58234519104085,16.710526315789473,0.7,3.3,4.0,3.4,1.0,0.5,0.8,1.3,7.6,6MOY-2,2016-17,1,0,0,0,1,0,1
Lou Williams,31.0,LAC,79.0,19.0,32.8,7.4,16.9,43.78698224852072,2.4,6.6,36.36363636363637,5.0,10.4,48.07692307692307,50.88757396449704,5.5,6.2,88.70967741935483,57.57081719991849,23.417721518987346,0.5,2.0,2.5,5.3,1.1,0.2,3.0,1.3,22.6,6MOY-1,2017-18,1,0,0,0,0,1,1
Eric Gordon,29.0,HOU,69.0,30.0,31.2,6.0,14.1,42.5531914893617,3.2,8.8,36.36363636363637,2.9,5.2,55.76923076923077,53.90070921985816,2.8,3.5,80.0,57.54475703324808,18.84057971014493,0.4,2.1,2.5,2.2,0.6,0.4,1.9,1.7,18.0,6MOY-2,2017-18,1,0,0,0,0,1,1
Rodney Hood,25.0,2TM,60.0,23.0,26.9,5.4,12.5,43.2,2.1,5.6,37.50000000000001,3.3,7.0,47.14285714285714,51.6,1.9,2.2,86.36363636363636,54.57380457380457,19.16666666666667,0.4,2.4,2.8,1.6,0.8,0.2,1.2,1.8,14.7,6MOY-12,2017-18,1,0,0,0,0,1,1
Marco Belinelli,31.0,2TM,80.0,2.0,24.3,4.2,9.6,43.75000000000001,1.9,4.9,38.77551020408163,2.4,4.6,52.17391304347826,53.645833333333336,1.9,2.0,95.0,57.72900763358778,12.75,0.3,1.6,1.9,1.9,0.8,0.2,1.2,1.1,12.1,6MOY-12,2017-18,1,0,0,0,0,1,1
J.J. Barea,33.0,DAL,69.0,11.0,23.2,4.4,10.0,44.00000000000001,1.7,4.5,37.77777777777778,2.7,5.5,49.09090909090909,52.5,1.2,1.5,80.0,54.40900562851783,19.275362318840585,0.2,2.7,2.9,6.3,0.5,0.0,2.1,1.2,11.6,6MOY-12,2017-18,1,0,0,1,0,0,1
Dwyane Wade,36.0,2TM,67.0,3.0,22.9,4.5,10.2,44.117647058823536,0.5,1.7,29.411764705882355,4.0,8.5,47.05882352941176,46.5686274509804,2.0,2.8,71.42857142857143,49.86004198740378,17.313432835820887,0.7,3.0,3.8,3.4,0.9,0.7,2.1,1.9,11.4,6MOY-10,2017-18,1,0,0,0,0,1,1
Terry Rozier,23.0,BOS,80.0,16.0,25.9,4.0,10.0,40.0,1.9,5.0,38.0,2.0,5.0,40.0,49.5,1.4,1.9,73.68421052631578,52.14101144333703,15.749999999999996,0.8,3.9,4.7,2.9,1.0,0.2,1.0,1.5,11.3,6MOY-10,2017-18,1,0,0,1,0,0,1
Fred VanVleet,23.0,TOR,76.0,0.0,20.0,3.1,7.2,43.05555555555556,1.4,3.4,41.17647058823529,1.6,3.7,43.24324324324324,52.77777777777778,1.1,1.3,84.61538461538461,55.32681420483787,13.28947368421053,0.3,2.1,2.4,3.2,0.9,0.3,1.0,1.7,8.6,6MOY-3,2017-18,1,0,0,1,0,0,1
Luc Mbah a Moute,31.0,HOU,61.0,15.0,25.6,2.7,5.7,47.36842105263158,1.0,2.8,35.714285714285715,1.7,2.8,60.71428571428572,56.14035087719298,1.1,1.6,68.75,58.55715178013742,13.77049180327869,0.4,2.7,3.0,0.9,1.2,0.4,1.1,1.6,7.5,6MOY-12,2017-18,1,0,1,0,0,0,1
Tomáš Satoranský,26.0,WAS,73.0,30.0,22.5,2.8,5.3,52.83018867924528,0.6,1.4,42.85714285714286,2.1,3.9,53.846153846153854,58.490566037735846,1.0,1.3,76.92307692307692,61.30790190735696,15.479452054794518,1.0,2.2,3.2,3.9,0.7,0.2,1.1,1.8,7.2,6MOY-12,2017-18,1,0,0,0,0,1,1
Jakob Poeltl,22.0,TOR,82.0,0.0,18.6,3.1,4.7,65.95744680851064,0.0,0.0,0.0,3.1,4.7,65.95744680851064,65.95744680851064,0.7,1.2,58.333333333333336,65.99081866870698,13.41463414634146,2.0,2.8,4.8,0.7,0.5,1.2,1.0,2.6,6.9,6MOY-12,2017-18,1,1,0,0,0,0,0
Lou Williams,32.0,LAC,75.0,1.0,26.6,6.5,15.2,42.76315789473684,1.4,3.9,35.8974358974359,5.1,11.3,45.13274336283185,47.36842105263158,5.7,6.5,87.6923076923077,55.370985603543744,23.200000000000003,0.5,2.4,3.0,5.4,0.8,0.1,2.4,1.1,20.0,6MOY-1,2018-19,1,0,0,0,0,1,1
Montrezl Harrell,25.0,LAC,82.0,5.0,26.3,6.7,10.8,62.03703703703704,0.0,0.2,0.0,6.6,10.6,62.264150943396224,62.03703703703704,3.2,5.0,64.0,63.846153846153854,24.14634146341463,2.2,4.3,6.5,2.0,0.9,1.3,1.6,3.1,16.6,6MOY-3,2018-19,1,1,0,0,0,0,1
Domantas Sabonis,22.0,IND,74.0,5.0,24.8,5.6,9.5,58.94736842105262,0.1,0.2,50.0,5.5,9.2,59.782608695652186,59.47368421052632,2.8,3.9,71.7948717948718,62.85663338088445,27.16216216216216,2.5,6.8,9.3,2.9,0.6,0.4,2.2,3.2,14.1,6MOY-2,2018-19,1,1,0,0,0,0,1
Jae Crowder,28.0,UTA,80.0,11.0,27.1,4.0,10.0,40.0,2.2,6.5,33.84615384615385,1.8,3.4,52.94117647058824,51.0,1.8,2.5,72.0,53.60360360360361,14.75,0.8,4.1,4.8,1.7,0.8,0.4,1.1,2.1,11.9,6MOY-11,2018-19,1,0,0,0,1,0,1
Malik Beasley,22.0,DEN,81.0,18.0,23.2,4.3,9.1,47.25274725274725,2.0,5.0,40.0,2.3,4.1,56.09756097560976,58.24175824175825,0.7,0.8,87.49999999999999,59.77570884468896,12.592592592592592,0.4,2.0,2.5,1.2,0.7,0.1,0.7,1.4,11.3,6MOY-11,2018-19,1,0,0,0,0,1,1
Dāvis Bertāns,26.0,SAS,76.0,12.0,21.5,2.7,6.0,45.0,1.9,4.4,43.18181818181818,0.8,1.5,53.333333333333336,60.83333333333334,0.7,0.8,87.49999999999999,62.97229219143576,12.763157894736846,0.3,3.2,3.5,1.3,0.5,0.4,0.6,1.8,8.0,6MOY-11,2018-19,1,0,1,0,0,0,1
Ed Davis,29.0,BRK,81.0,1.0,17.9,2.3,3.7,62.16216216216215,0.0,0.0,0.0,2.3,3.7,62.16216216216215,62.16216216216215,1.2,2.0,60.0,63.318777292576414,16.049382716049383,2.7,5.9,8.6,0.8,0.4,0.4,0.8,2.8,5.8,6MOY-11,2018-19,1,1,0,0,0,0,0
Andre Iguodala,35.0,GSW,68.0,13.0,23.2,2.2,4.4,50.0,0.7,2.1,33.33333333333333,1.5,2.3,65.21739130434783,57.95454545454546,0.6,1.0,60.0,58.88429752066116,16.029411764705884,0.7,3.0,3.7,3.2,0.9,0.8,0.8,1.4,5.7,6MOY-10,2018-19,1,0,0,0,1,0,1
Dennis Schröder,26.0,OKC,65.0,2.0,30.8,7.0,14.8,47.2972972972973,1.9,5.0,38.0,5.0,9.8,51.02040816326531,53.71621621621622,3.0,3.6,83.33333333333333,57.67822265625,25.230769230769223,0.3,3.3,3.6,4.0,0.7,0.2,2.6,2.2,18.9,6MOY-2,2019-20,1,0,0,1,0,0,1
Montrezl Harrell,26.0,LAC,63.0,2.0,27.8,7.5,12.9,58.13953488372093,0.0,0.3,0.0,7.5,12.6,59.523809523809526,58.13953488372093,3.7,5.6,66.07142857142858,60.53111168966415,31.904761904761912,2.6,4.5,7.1,1.7,0.6,1.1,1.7,2.3,18.6,6MOY-1,2019-20,1,1,0,0,0,0,1
Lou Williams,33.0,LAC,65.0,8.0,28.7,6.0,14.4,41.66666666666666,1.7,4.8,35.41666666666667,4.3,9.6,44.79166666666667,47.56944444444444,4.5,5.2,86.53846153846153,54.53020134228187,24.46153846153846,0.5,2.6,3.1,5.6,0.7,0.2,2.8,1.2,18.2,6MOY-3,2019-20,1,0,0,1,0,0,1
Jordan Clarkson,28.0,UTA,68.0,1.0,26.7,6.7,15.8,42.40506329113924,3.1,8.8,35.22727272727273,3.7,7.0,52.85714285714286,52.21518987341772,1.9,2.1,90.47619047619048,55.010762975364734,21.91176470588235,0.7,3.3,4.0,2.5,0.9,0.1,1.7,1.6,18.4,6MOY-1,2020-21,1,0,0,0,0,1,1
Derrick Rose,32.0,2TM,50.0,3.0,25.6,5.7,12.2,46.72131147540984,1.0,2.6,38.46153846153846,4.7,9.6,48.958333333333336,50.81967213114754,2.2,2.5,88.00000000000001,55.26315789473685,29.0,0.4,2.2,2.6,4.2,1.0,0.4,1.6,1.1,14.7,"MVP-9,6MOY-3",2020-21,1,0,0,1,0,0,1
Shake Milton,24.0,PHI,63.0,4.0,23.2,4.8,10.6,45.28301886792453,1.1,3.2,34.375,3.6,7.4,48.648648648648646,50.471698113207545,2.3,2.8,82.14285714285714,54.93576741041245,18.095238095238106,0.5,1.8,2.3,3.1,0.6,0.3,1.6,2.1,13.0,6MOY-12,2020-21,1,0,0,0,0,1,1
Miles Bridges,22.0,CHO,66.0,19.0,29.3,4.7,9.4,50.0,1.8,4.4,40.90909090909091,3.0,5.0,60.0,59.57446808510639,1.5,1.7,88.23529411764706,62.57390618841151,24.09090909090909,1.2,4.8,6.0,2.2,0.7,0.8,1.6,2.2,12.7,6MOY-12,2020-21,1,0,1,0,0,0,1
Joe Ingles,33.0,UTA,67.0,30.0,27.9,4.1,8.4,48.8095238095238,2.7,6.1,44.26229508196722,1.4,2.3,60.86956521739131,64.88095238095238,1.1,1.3,84.61538461538461,67.4320106999554,22.537313432835816,0.4,3.2,3.6,4.7,0.7,0.2,1.7,1.8,12.1,6MOY-2,2020-21,1,0,0,0,1,0,1
Thaddeus Young,32.0,CHI,68.0,23.0,24.3,5.4,9.7,55.67010309278352,0.2,0.7,28.571428571428577,5.3,9.1,58.24175824175825,56.70103092783506,1.0,1.7,58.82352941176471,57.90581929555897,25.44117647058825,2.5,3.8,6.2,4.3,1.1,0.6,2.0,2.2,12.1,6MOY-14,2020-21,1,0,1,0,0,0,1
Enes Freedom,28.0,POR,72.0,35.0,24.4,4.7,7.8,60.25641025641026,0.0,0.1,0.0,4.7,7.7,61.03896103896104,60.25641025641026,1.8,2.3,78.26086956521739,63.54970494779846,27.63888888888889,3.9,7.1,11.0,1.2,0.5,0.7,1.1,2.3,11.2,6MOY-10,2020-21,1,1,0,0,0,0,1
T.J. McConnell,28.0,IND,69.0,3.0,26.0,4.0,7.1,56.33802816901409,0.2,0.7,28.571428571428577,3.8,6.4,59.37499999999999,57.74647887323944,0.5,0.7,71.42857142857143,58.045356371490286,22.89855072463768,0.8,2.9,3.7,6.6,1.9,0.3,2.0,1.6,8.6,6MOY-11,2020-21,1,0,0,1,0,0,1
Facundo Campazzo,29.0,DEN,65.0,19.0,21.9,1.8,4.8,37.5,1.2,3.3,36.36363636363637,0.7,1.5,46.66666666666666,50.0,1.2,1.4,85.71428571428572,56.31462333825702,13.69230769230769,0.3,1.7,2.1,3.6,1.2,0.2,1.1,2.0,6.1,6MOY-15,2020-21,1,0,0,1,0,0,1
Tyler Herro,22.0,MIA,66.0,10.0,32.6,7.6,17.0,44.70588235294117,2.7,6.7,40.298507462686565,4.9,10.3,47.57281553398058,52.647058823529406,2.9,3.3,87.87878787878788,56.09148059830913,27.42424242424243,0.5,4.5,5.0,4.0,0.7,0.1,2.6,1.4,20.7,6MOY-1,2021-22,1,0,0,0,0,1,1
Kevin Love,33.0,CLE,74.0,4.0,22.5,4.4,10.3,42.71844660194175,2.5,6.4,39.0625,1.9,3.8,50.0,54.85436893203883,2.2,2.7,81.4814814814815,59.19220055710306,21.48648648648648,1.2,6.1,7.2,2.2,0.4,0.2,1.3,1.4,13.6,6MOY-2,2021-22,1,1,0,0,0,0,1
Cameron Johnson,25.0,PHO,66.0,16.0,26.2,4.2,9.2,45.65217391304349,2.5,5.9,42.3728813559322,1.7,3.3,51.51515151515152,59.239130434782616,1.5,1.7,88.23529411764706,62.82669883393648,20.151515151515152,0.6,3.5,4.1,1.5,0.9,0.2,0.7,1.7,12.5,6MOY-3,2021-22,1,0,1,0,0,0,1
Immanuel Quickley,22.0,NYK,78.0,3.0,23.1,3.6,9.3,38.70967741935484,1.8,5.1,35.294117647058826,1.9,4.2,45.238095238095234,48.38709677419354,2.3,2.6,88.46153846153845,54.09804672539257,14.615384615384611,0.4,2.8,3.2,3.5,0.7,0.0,1.3,2.1,11.3,6MOY-10,2021-22,1,0,0,1,0,0,1
Brandon Clarke,25.0,MEM,64.0,1.0,19.5,4.5,7.0,64.28571428571429,0.1,0.3,33.333333333333336,4.4,6.6,66.66666666666667,65.0,1.3,2.0,65.0,65.98984771573603,23.437500000000007,2.1,3.2,5.3,1.3,0.6,1.1,0.5,1.9,10.4,6MOY-11,2021-22,1,0,1,0,0,0,0
Tyus Jones,25.0,MEM,73.0,23.0,21.2,3.4,7.6,44.73684210526316,1.1,2.8,39.28571428571429,2.3,4.8,47.91666666666666,51.97368421052632,0.7,0.9,77.77777777777777,54.40220110055027,15.616438356164384,0.2,2.2,2.4,4.4,0.9,0.0,0.6,0.4,8.7,6MOY-11,2021-22,1,0,0,1,0,0,1
Maxi Kleber,30.0,DAL,59.0,21.0,24.6,2.4,6.0,40.0,1.4,4.3,32.558139534883715,1.0,1.7,58.82352941176471,51.66666666666666,0.8,1.1,72.72727272727273,53.97902529302899,18.47457627118644,1.2,4.7,5.9,1.2,0.5,1.0,0.8,2.3,7.0,6MOY-11,2021-22,1,0,1,0,0,0,1
Malcolm Brogdon,30.0,BOS,67.0,0.0,26.0,5.3,10.9,48.62385321100917,2.0,4.4,45.45454545454545,3.3,6.5,50.76923076923077,57.798165137614674,2.4,2.7,88.88888888888889,61.631369953673065,24.477611940298505,0.6,3.6,4.2,3.7,0.7,0.3,1.5,1.6,14.9,6MOY-1,2022-23,1,0,0,1,0,0,1
Immanuel Quickley,23.0,NYK,81.0,21.0,28.9,5.2,11.6,44.82758620689656,2.1,5.6,37.50000000000001,3.1,6.0,51.66666666666667,53.8793103448276,2.5,3.1,80.64516129032258,57.46683122493058,19.1358024691358,0.7,3.4,4.2,3.4,1.0,0.2,1.2,2.0,14.9,6MOY-2,2022-23,1,0,0,0,0,1,1
Bobby Portis,27.0,MIL,70.0,22.0,26.0,5.7,11.5,49.56521739130435,1.4,3.7,37.83783783783783,4.3,7.8,55.12820512820513,55.65217391304348,1.4,1.8,77.77777777777777,57.35437683045883,26.285714285714285,2.2,7.4,9.6,1.5,0.4,0.2,1.2,1.6,14.1,6MOY-3,2022-23,1,0,1,0,0,0,1
Malik Monk,25.0,SAC,72.0,0.0,26.0,5.5,12.4,44.354838709677416,2.1,5.9,35.59322033898305,3.4,6.5,52.30769230769232,52.82258064516129,2.4,2.8,85.71428571428572,56.48474178403756,20.972222222222225,0.4,2.6,2.9,5.1,0.6,0.5,2.1,2.2,15.4,"CPOY-12,6MOY-2",2023-24,1,0,0,0,0,1,1
Bobby Portis,28.0,MIL,82.0,4.0,24.5,5.7,11.2,50.89285714285715,1.2,3.0,40.0,4.5,8.2,54.87804878048781,56.25,1.2,1.5,80.0,58.1787521079258,20.48780487804878,1.7,5.7,7.4,1.3,0.8,0.4,1.1,2.3,13.8,6MOY-3,2023-24,1,0,1,0,0,0,1
Naz Reid,24.0,MIN,81.0,14.0,24.2,5.0,10.5,47.61904761904761,2.1,5.0,42.00000000000001,2.9,5.5,52.72727272727272,57.61904761904761,1.3,1.8,72.22222222222221,59.77683315621679,17.65432098765432,0.9,4.3,5.2,1.3,0.8,0.9,1.4,2.1,13.5,6MOY-1,2023-24,1,0,1,0,0,0,1
